gene,培養時間,glk,agp,yihX,pgm,ptsG,malx,crr,galM,yihR,yeaD,pgi,ascF,chbF,ascB,bglA,bglB,yggF,glpX,fbp,pfkB,pfkA,fbaB,fbaA,tpiA,gapA,pgk,gpmA,ytjc,gpmM,eno,pykF,pykA,ppsA
8,22 h,27.93479347,27.95148468,27.90787125,33.89744186,27.91026688,31.91495895,24.9227829,27.93698883,33.91669846,28.93454933,25.90067863,31.92209625,33.92245102,29.90848351,29.92627525,32.92493057,31.90867424,28.8785038,26.95333099,27.96207809,25.88274002,23.90949631,24.92652321,28.92723465,25.9396286,31.92715454,23.93895531,28.94976807,28.91802406,26.920084,25.93549347,27.93173027,25.92927933
9,22 h 20 min,28.95169067,27.94663429,27.91738892,35.92615128,26.89450073,31.92399979,24.93176079,27.93630219,32.92891312,28.9226532,25.91061974,31.92596245,32.93328476,30.90911674,29.92771149,30.89670181,31.89628983,28.8750248,27.94510841,26.94882202,25.88452339,23.8874321,24.92947197,28.92944145,25.93168068,30.91004372,24.93881035,31.9125309,27.89203262,25.91986656,24.93515968,26.93126488,26.92361832
10,22 h 40 min,28.93947029,28.95925713,27.90469933,33.9052124,27.9018383,32.93809128,25.93004036,28.94218445,33.92250061,28.91487122,26.91659737,31.92887115,33.91547775,30.90839767,29.93083954,34.91664505,31.91070938,28.88130569,27.94206047,27.94207001,27.84580231,24.89657784,25.93252373,28.91319656,25.93693542,30.91901588,24.93466377,29.94246864,28.92563057,27.93066406,25.93270493,27.92366791,26.92288017
11,23 h,26.92600822,27.94534874,26.90152931,27.92585564,26.90118408,31.93029213,24.93156815,27.93592262,33.92874527,28.91889191,25.9105072,30.93218803,33.93085861,29.91233826,29.93635368,34.91814804,30.91867065,28.87843132,26.93933678,26.93662071,25.92715645,23.89003754,24.93066597,27.91651917,24.93875313,28.93904686,24.95096207,27.92978477,28.90930748,26.93138123,25.93903542,26.92486,26.93157005
12,14 h 40 min,24.53951836,23.25463676,24.81407547,25.08328056,24.52994156,29.9236393,21.40215492,24.89342117,31.92613602,27.91463661,25.91244507,30.94768333,32.9292717,28.91426849,28.92734718,32.93894577,30.93814087,28.89998245,26.95781517,26.95211029,25.91882706,23.90458679,24.93733788,27.92217445,24.93692207,25.92830467,23.93680191,27.92173195,28.87825966,26.93056297,24.94010544,26.92880821,26.92570877
13,15 h,25.92713165,24.95233727,25.91689491,26.9383049,25.9066124,29.93589592,22.92600822,26.9407959,31.93084335,27.93705177,24.91947174,29.9408493,31.92921257,28.91506767,28.92840576,32.93055344,30.92195511,27.91609192,26.9611454,25.94579124,24.91913033,22.9081459,23.92885208,26.92118454,23.93245888,23.92283058,23.93450165,27.9324131,27.88338089,24.92597198,23.92849159,24.92584038,25.93622589
14,15 h 40 min,26.94011307,25.94601631,25.91526985,27.92847633,25.89465714,27.92968178,23.92891884,27.9407177,28.9402504,27.91860008,24.91008949,28.93737984,29.9464283,27.92128181,27.92637062,27.92965508,27.92992401,26.92171669,26.9647789,25.93170166,24.93238831,23.90572166,24.94081688,26.92608833,23.91318512,23.9254303,22.91801453,26.91833115,25.89003563,24.91537285,22.92229462,24.89352798,24.91714668
15,16 h,25.91097641,24.9492321,24.90818977,24.90292549,23.88176346,28.90390778,21.91836166,25.93102646,31.92295265,26.9072876,23.89767265,28.91191483,30.90945053,28.9049015,26.91373825,31.90323448,29.917799,26.90292358,24.93526649,24.92326736,22.91222954,21.88291168,22.92024994,26.89725494,22.91404724,22.91999817,22.92006111,26.91304779,25.89142227,23.92187691,22.91488838,23.90805626,25.93548203
16,16 h 20 min,27.93121147,25.93960571,26.92131233,27.93535233,27.8927021,31.92868042,24.91803932,28.9369545,34.93854904,29.91550446,25.91479301,31.93362999,33.93365097,30.94563484,30.92530823,33.91524887,31.92372513,29.90063858,26.92603874,26.93244362,26.89148521,24.89889336,24.92492104,28.92356682,24.93515587,26.92953491,23.93799591,28.9255352,28.92610359,26.92962265,25.92786598,26.92280006,26.93048859
17,16 h 40 min,27.91784477,26.9393692,27.90847015,28.92083931,26.88809204,31.91062737,25.94139099,28.92807579,33.90797043,29.91708946,26.90620804,30.90076447,33.921978,30.91629028,30.92269135,33.91618347,31.91226006,29.88310432,27.94111824,27.94171143,26.83769989,24.90856934,25.92996597,28.91370583,25.93460083,25.93279076,25.93682671,28.91974449,29.90625381,25.93610001,25.92757416,27.92417526,27.93302727
18,17 h,27.92123795,27.95235634,27.91485023,28.92824173,26.88929939,31.92259216,24.92746544,28.93322945,33.91551208,29.90713882,25.91049957,31.91897011,33.93067551,30.9186306,31.93446541,33.92202759,32.93220901,29.88311958,28.94309616,27.95666885,26.85147858,24.91564369,25.93791389,28.92212868,25.93193245,25.93247223,25.93959618,29.93270683,28.92686462,24.93115234,25.93467331,27.92844963,27.94505692
19,17 h 20 min,26.92125702,25.9423542,26.91671181,27.93910789,26.90652275,30.93303108,23.92009163,27.94444084,33.93500519,29.9163475,25.91086388,31.93758774,33.92781448,30.92694283,29.92471504,33.9286499,24.93671608,28.91201591,27.93768883,26.94427872,25.87009239,23.90026665,24.93274689,27.91724396,24.93493652,24.92579079,24.933815,27.92484856,28.89361191,23.92604065,23.92185593,31.93217659,26.9402523
20,17 h 40 min,28.93344879,29.97848701,27.90838623,29.92813873,27.8928051,31.92071915,25.92919731,28.93688202,34.92538452,30.91986656,26.91418839,32.93921661,34.92980957,31.91426086,31.91798973,33.93862152,32.93556976,30.90579796,29.95930481,27.9314003,26.93143082,24.90856743,25.9326992,29.93226433,26.92534637,26.91618347,26.93148994,29.93134499,30.91215897,25.93510056,26.92398071,28.93791389,28.93789101
25,15 h 10 min,23.91693115,22.94761276,23.91801834,25.94322395,22.91546059,28.94379425,20.92881393,23.9291687,30.93171883,24.91703987,21.89859009,27.92960167,30.9318676,26.91923523,25.93280792,30.93544769,28.93534851,25.90862083,23.95300865,22.94361305,22.85791779,19.91151428,20.93432236,24.91802406,21.92686653,21.92916298,20.93838501,25.93696976,24.91435623,23.93471146,20.93449211,23.92579269,22.93517494
26,15 h 20 min,25.93200684,23.93163872,24.92310333,26.94464111,24.90790367,29.9299202,22.93861389,25.93541527,31.92273712,26.91341591,23.90852547,30.9353714,31.92578506,28.91903114,28.93575668,31.91921043,30.92931175,27.8843441,25.94089317,24.93820572,23.92147446,21.91345787,22.92692566,26.92089653,23.95074463,22.92210007,22.92990685,26.92614937,26.89935112,23.93446159,22.92873001,24.91501999,24.92310143
27,15 h 50 miin,25.92791748,24.93090248,25.9161129,26.93475914,24.90463257,30.93575859,23.9408226,26.94356155,31.91869736,27.92412567,24.90472412,30.93766785,32.93423462,29.93854904,28.93407059,32.93415451,30.92706108,28.89583588,25.95569611,25.94624901,24.87325287,22.90278816,23.93857384,27.92331505,23.94460869,23.93716049,23.93631172,27.93418694,27.89233971,24.92303467,23.93750572,25.92619514,25.9407444
28,16 h 10 min,24.91515732,22.94487762,24.90742493,25.93650818,23.90190887,26.93803596,21.92526245,25.93927383,26.93071747,25.91593933,22.9161129,27.93857574,27.93307686,26.92465973,26.93240738,26.9316597,26.93309212,25.90347099,24.93214607,23.94320679,22.94853973,21.90704918,22.9471302,24.91349602,22.94171333,22.93860817,21.93646049,25.91809845,25.89481735,23.9380703,21.93313599,23.94547272,23.93478012
29,16 h 30 min,25.926548,24.93942833,25.90904999,26.93525887,24.90105057,29.93639755,22.93135071,26.94626045,31.93510437,27.92081451,23.91020203,30.94067192,31.92793274,28.90782547,27.93947792,31.93025017,30.93443108,27.91398811,25.93672752,24.93125153,24.86382675,22.9155674,23.95129967,26.9351635,23.94347572,22.9285717,22.94672203,26.93595695,26.9289875,23.93760872,35.91557312,25.92289352,25.92637444
30,16 h 50 min,25.92099571,23.94125175,26.93125916,27.92389679,24.89777756,29.92773056,22.92923737,26.93874168,31.93382835,27.90610695,23.90501404,29.93393707,31.93313217,28.92685318,27.92153931,31.93575859,30.93105507,27.89704323,25.94865799,24.93496132,24.882658,22.91277122,22.93219948,26.92157745,23.93058014,23.92897987,22.94014359,27.92024612,26.93322945,24.93001366,22.93744087,25.92447853,25.93421364
31,17 h 10 min,23.92622375,21.93300438,24.91324425,24.92262077,23.91628456,26.93334579,20.9211483,23.93898773,29.93718529,24.899683,21.89845848,27.93055725,29.92857742,26.91983986,24.92159271,29.93436623,28.93426132,25.90261269,22.95200539,22.94464111,22.92437935,19.89730644,20.92763138,23.91775513,21.93161774,21.90628815,19.93649101,24.91248703,24.90077972,22.9345417,21.93271255,22.93220711,22.94051743
40,11 h 35 min,28.93372154,28.95610428,27.90550995,29.92455864,26.90147209,29.92271423,25.94034195,29.93523598,30.93842506,29.91999626,27.90917587,29.93491745,31.92143822,28.92560387,29.93051529,29.92430496,29.93202591,27.90981674,28.95656204,28.93740845,26.93610764,25.90452957,26.92663383,28.91345596,26.93167114,26.9238739,26.9328804,28.93831825,29.90863228,26.92426682,26.92538261,28.92557716,28.93532753
41,11 h 55 min,26.93914986,26.95366096,26.91527748,27.92327881,25.89651489,30.93259621,24.93560982,27.93606377,31.92290115,28.91737556,25.91173553,30.92674828,33.94514465,29.92371368,29.9285965,33.93074799,31.92700958,28.88502312,28.96975327,26.9365921,25.92873573,23.8996067,25.9459343,27.91996956,25.94701958,25.9390583,25.94506454,27.92453766,27.91989136,24.93598175,25.93158531,26.92256546,25.92651367
42,12 h 15 min,27.92027473,27.93943214,27.90999603,28.9345665,26.89875031,30.92410088,25.92793846,27.92601013,31.92356873,29.93800735,26.90643692,30.92916298,32.93470764,29.92599297,29.93684578,31.92943382,31.92677307,28.91809845,27.58370781,27.93015862,26.91969299,24.91952705,26.93848991,27.91250801,25.93207169,25.9240036,25.93460083,27.93393326,28.92671776,25.92928696,26.93444252,27.92986488,26.92077637
43,12 h 35 min,28.94018173,27.94881439,27.91174698,29.91150665,26.89808083,30.93514252,25.92588997,28.93475914,33.93682861,29.92001152,26.90191841,31.9233017,34.93647385,30.92357445,30.9387207,32.91972351,32.91892624,29.8974514,28.00914955,28.95274544,26.93497849,24.90405464,26.93197441,28.91906548,25.93639946,26.92577553,25.93424034,28.92975044,29.92246819,25.93351555,26.92833328,27.93432045,27.92635536
44,12 h 55 min,28.92600632,28.94332504,27.90917015,28.91809082,26.87988853,30.92450333,26.92264557,29.92646217,33.91438675,28.89612579,27.89798546,31.89167976,33.92940903,31.90023994,31.91098595,32.93074036,31.92110062,29.87652397,25.91819954,28.93496895,27.92753601,25.91529465,27.93803787,29.9002018,26.92792892,27.93859482,26.93048477,29.92345619,29.91083717,25.94154358,27.93131065,28.92814255,28.9258976
45,13 h 15 min,28.94339371,28.95183754,28.92365646,30.91072845,28.9062233,32.92471313,27.93314171,30.93344688,33.91721725,30.91283607,28.92551804,31.91543579,34.92365265,32.92922974,31.92985916,32.91402817,33.93412399,31.89689445,29.88531494,29.93920708,28.8638134,26.90690041,27.92400742,29.90838432,27.92764282,27.9257412,27.93125916,29.91542625,30.91597176,26.92834663,27.92377663,29.92067528,29.93584824
46,13 h 35min,27.92020226,27.93544006,28.92694473,29.9216423,28.91721344,31.93310547,26.93190193,29.92642212,33.92602539,29.92397881,27.90228844,30.91719627,34.92601395,31.91596222,30.93585587,32.92048264,33.91974258,29.87808609,28.44761086,28.94107819,27.86780548,25.90355682,26.93193054,28.91391754,26.93798256,26.93059158,26.93610573,28.91917038,29.92531395,26.93678093,26.93034172,28.92351341,28.93328857
47,13 h 55 min,27.92661858,27.94176865,27.92279816,29.93438148,27.90134239,31.9334507,26.93667793,28.93396187,33.93880463,29.91606712,27.9137516,31.93093491,34.9267807,30.9169178,30.93406677,32.93800354,32.94311523,30.88721085,27.71150398,28.9472332,27.85907555,24.91036797,26.92785263,28.91980743,26.93579674,26.9300251,26.93610954,28.92539215,30.90468216,25.92418289,26.93434906,28.93292999,27.92870522
48,14 h 15 min,25.93544769,24.94913864,24.93594742,26.93702316,24.91900635,28.92806625,22.9246273,25.9329567,31.93732834,27.93033409,24.89317703,29.93742561,31.93447685,28.92094612,28.93285561,31.93393707,30.93029594,27.89219475,25.07304764,25.94190407,24.89774513,22.91966629,23.93155479,26.9223423,23.94035721,23.93130302,23.9373436,25.92756271,27.90259933,24.92640305,23.93066216,25.93067551,24.91871834
49,14 h 35 min,27.92599487,27.94080353,27.91637993,28.93148994,26.90099525,31.933815,25.93709755,28.93214989,34.93083572,29.90812874,27.90772438,31.93154335,33.93545151,31.92669487,30.93603897,34.92116928,32.91316986,29.89103508,27.97105598,28.94728851,26.93756104,25.89886284,26.93090439,28.91417313,26.93718719,26.92930603,26.93821526,28.92374229,30.8963623,25.91867447,26.92739296,27.92624474,27.92368889
50,14 h 55 min,27.92844772,27.94198418,27.91160011,28.91179466,26.91383171,31.93320656,25.91921997,28.93733978,33.93868256,29.92944336,26.91559792,30.91509056,34.93636703,28.89546013,30.91829681,33.9271965,26.98324013,27.90747833,27.43602753,27.92863655,26.92799377,24.89779091,26.93538666,28.91680527,25.93433952,26.93322563,26.93890381,28.91660881,29.90921783,25.92995071,26.93533897,27.93865776,26.93291283
51,15 h 15 min,28.92246819,27.94866371,27.92414093,29.93069458,27.91087532,31.91456032,25.92654419,29.94366646,33.90341568,29.92153358,27.90959167,32.94317245,34.93439102,31.9102478,30.93412209,34.93395233,33.92813873,30.90031815,27.90620232,28.93117905,27.90496635,25.90399361,26.93701553,29.92056465,26.94054413,26.93646622,26.94016457,29.92552567,30.92213821,25.93291092,26.93435097,27.9398632,26.90995789
52,15 h 35 min,28.93286514,28.95452118,28.90659904,29.91517067,27.8888073,31.93143272,26.9266777,29.9414711,33.92749023,30.92230606,27.89901733,31.90622711,34.92837143,31.916399,30.91765022,32.93300247,32.91783142,30.87829208,28.90569687,28.93945122,27.92437553,25.90014267,26.94114685,29.92036819,27.93893051,27.93218422,27.9368763,29.92845154,30.90007401,27.93748283,27.9383316,28.9276371,28.93923759
53,15 h 55 min,26.92711258,26.94594002,26.92227745,28.940382,26.90712738,30.93491364,24.93008423,27.93677711,32.93252945,29.93127823,26.90842056,30.92186356,33.92455292,30.93052101,30.92069244,33.92417145,31.93043137,28.88825798,27.92584801,27.94837189,26.87553596,25.91355324,25.93105316,27.92567635,25.93443489,25.93719864,25.9316864,27.92670059,28.92095566,25.94107819,25.92999649,27.93759346,26.92110062
54,14 h 45min,27.9391613,26.93853951,27.92633629,28.93493271,27.90979958,31.93638992,25.94487953,28.93718719,33.92404938,29.92943573,26.90550613,32.95042801,33.92748642,30.90948105,30.92393112,33.92073822,32.92894363,29.90916061,27.92002106,27.9394722,26.88812065,24.90272141,26.94437218,28.91854858,25.93628311,26.94332123,25.93183136,28.92887306,29.9055481,25.93539047,25.92997551,27.92539406,27.93363953
55,15 h 05 min,28.93270683,28.95603561,28.92105865,29.94245338,28.90319443,32.92948914,26.94131279,29.93323135,32.93987656,30.91854477,27.90834045,32.932621,34.93758392,31.92633247,31.92712021,32.91949463,32.92868042,30.8850956,28.92930984,28.94098663,28.89245224,25.90856934,27.93588257,29.9180336,26.91985321,27.94390869,26.92677498,29.91782188,30.92000198,26.91334152,26.92072296,28.93559647,28.93453026
56,15 h 25 min,26.93166542,25.9521656,25.93322754,27.93852425,25.9083271,29.91617775,23.91921806,26.92255783,31.93931007,28.92107773,24.91582489,30.93652344,32.92698669,29.90632057,28.93871307,32.91639328,30.93239594,28.89933395,26.92754936,26.94231796,25.92663383,23.91203117,24.92968178,27.93305397,24.93473053,24.93123245,24.94242668,27.93950462,28.92221069,24.92804527,24.93314743,26.92588425,25.92893219
57,15 h 45 min,26.92295265,26.94366264,26.90708542,27.93000221,25.89769554,30.91454315,24.94070244,27.94051933,32.9424057,28.92324066,25.90761948,30.92367935,33.91144562,29.91988182,29.93572235,32.92791367,30.89718056,28.90307426,26.91434479,26.93056488,25.934021,23.90902901,25.94291878,27.92188835,24.93874741,25.94184303,24.9332695,27.93195724,28.93006325,24.93519402,24.93538666,26.92249298,26.92144585
58,16 h 05 min,26.93122292,26.95309067,26.9205246,27.93880463,26.90563583,29.91748428,23.92913818,27.93803024,32.92864609,28.91121864,24.91810417,31.93808174,32.93420029,29.91186905,29.93133163,32.91928101,31.93295288,28.90817261,27.9396019,26.94151878,25.91326141,22.91257858,24.92920303,27.92244148,24.93912888,25.94047356,24.94085121,27.93312836,27.93398666,24.94251823,24.9354229,26.93005753,25.91991615
59,16 h 25 min,26.93715668,25.92728996,25.92141724,27.92278862,25.90184975,29.92712402,23.93111038,26.93507767,32.91145325,28.923666,24.90554428,30.9305954,32.91886139,28.91763496,28.94092178,31.90847206,30.91858864,27.91847801,26.95153236,25.93382454,24.92726707,22.89858055,24.9325428,26.92723465,24.93283272,24.93214989,24.9409008,27.92868996,27.88993835,23.92837524,24.94039154,25.92859268,25.92111588
60,16 h 45 min,28.93180466,27.92772293,27.92142868,29.92750549,27.89228249,31.92239571,25.9280014,28.93091965,34.93637848,30.90763283,26.89909172,32.91519165,33.93452835,30.91525269,31.93311691,32.91165543,32.91184235,29.89980698,28.94253349,27.93919754,26.91583824,24.89863777,26.92397308,28.92606354,26.92697525,25.91822243,26.93153763,29.93477058,29.89257813,25.9325943,26.92477417,28.9264698,27.91861343
61,17 h 05 min,27.93123627,27.94134712,27.91445541,29.93564606,27.90415192,29.93152046,25.92868996,28.94415665,29.92426491,28.90691948,26.914814,30.9315033,31.92930603,28.91344452,29.93082428,29.93274117,29.91812325,28.89269257,28.94512558,27.94167137,26.8511467,24.89872742,26.93465805,28.92276955,26.92896271,25.91909599,26.93919563,28.91897392,28.90213776,25.92844582,26.93782425,27.93005562,27.92609596
62,17 h 25 min,28.9335556,27.9319706,27.92365646,29.93024254,27.89541626,31.92528152,25.92401505,28.93691063,33.92549896,29.89404869,26.9041481,31.92573738,31.93016815,29.90966606,30.93710518,31.90237236,31.92133904,29.91168404,26.89776039,27.94028282,26.91841316,23.90881157,26.93094635,28.91646004,26.93000984,25.91506004,26.93840027,29.92677116,29.88298988,25.92077446,26.93082619,27.93410492,27.92880058
63,17 h 45 min,27.92863846,27.94005394,27.9200325,29.92720032,27.90541267,31.92655945,25.92200661,28.93561745,33.94029236,29.89870453,26.91067314,31.93642235,32.92927551,30.9394207,30.93852425,31.91851234,31.91366005,28.88175201,28.94803619,27.930233,26.90452194,24.89802742,26.94951248,28.91558838,26.94241333,25.91643524,25.93078804,28.91789627,29.90037727,25.92629051,25.93210983,27.92519188,27.92644119
64,18 h 05 min,26.93169594,26.93807602,26.91840935,28.92744827,26.90842819,30.92669296,24.92489815,27.93350983,32.92634583,28.91111183,25.89915657,30.93022156,33.92885208,26.91570282,29.92601204,32.91648102,31.92111206,29.88776207,26.94851685,26.94486618,25.89801407,23.90171623,25.92441368,27.91687775,25.92572975,24.91934013,24.93083954,27.91802025,28.90231895,24.92975044,25.93038177,27.9322567,25.91714859
65,18 h 25 min,29.92764664,28.92839622,29.91005898,30.92621803,28.89994431,32.92726898,26.9246273,29.93450928,33.91261673,30.90295601,27.91473961,33.93061066,28.91435432,29.91991425,31.92586708,31.90964699,32.9102211,31.88780785,29.95520401,28.92502975,27.94324112,25.89440918,27.9293232,29.92279816,27.93280983,27.93108368,27.93318367,30.92487335,30.88735962,26.92834091,27.93100166,29.92773247,28.91603661
66,18 h 45 min,27.92943001,27.94137383,27.92507172,28.92700005,27.90984344,31.92786789,25.92165947,28.93276405,31.93365479,29.91778946,26.91342926,31.94139862,32.93528366,30.93037033,30.92611504,32.92200851,31.91091919,29.88439941,28.92523766,28.94403839,27.89687347,24.89282799,26.94161224,28.90802956,26.93698311,25.91165924,26.93647957,28.91280174,29.88884926,25.92429352,26.93081284,27.93910027,26.92561531
67,19 h 05 min,26.93339348,26.93831635,26.91898537,27.93606377,26.89578438,30.92730522,24.9275589,27.94054222,32.91747284,28.89975357,25.90812492,30.93724632,32.92194748,28.90860176,29.93348885,32.91476059,31.91909981,28.89235497,26.93973923,27.95677948,26.87688828,23.90163803,25.93535614,27.93042564,24.92145157,24.91253853,25.93379402,27.92473221,28.91083336,24.91787338,25.92771339,27.91731834,25.92303848
78,13 h 10 min,25.92812538,24.92804718,25.92249489,26.93677521,24.91103363,28.92504692,22.93054199,25.93613243,30.92448616,26.90312386,24.91143417,28.93933868,30.92429924,28.92521667,28.93606186,30.92699814,28.92535782,27.87963676,25.94683266,25.95186043,24.85894966,22.90055466,23.93203545,26.9153862,23.923069,23.93202782,23.93672371,25.92031288,26.90623665,24.93494797,23.93089485,24.92424393,24.91360474
79,13 h 20 min,25.9292984,24.92845345,24.90634727,25.93244171,24.88809776,28.92497253,22.92591095,25.93935394,31.89493179,26.90045929,24.90941048,28.94389725,31.92227745,28.92570305,27.93348312,30.9036274,28.89426231,27.88275719,25.93862915,24.93488312,23.95087242,22.90409851,23.93427467,26.93486023,23.93464851,23.92666245,23.94074059,25.91785049,26.90867043,24.93383789,23.9325676,24.92533302,24.92748833
80,13 h 30 min,25.92072105,24.93517303,22.90256691,26.94357491,24.9086647,29.95148087,22.92173767,25.9298172,31.9257946,26.92318726,24.90756798,29.94976616,31.92277908,28.92231369,28.92063141,32.9388504,30.92287254,27.89915466,25.92272758,24.93408012,24.88823509,22.90652275,23.93232536,26.93208885,23.9248848,23.92177963,23.92915726,26.91729355,27.8923111,25.92884827,23.92567825,24.92764664,24.93229294
81,13 h 40 min,25.92703819,24.95304489,24.91239548,25.92982101,24.91057205,28.92329025,22.92111969,25.94292259,31.92329979,26.90016365,24.91997719,29.9419117,31.92196274,27.91079903,27.93178749,31.91061974,29.91794014,27.89873695,25.94129562,24.94799423,24.87779808,21.90698051,23.93559074,26.92650032,23.93307304,23.9315815,23.93319511,25.92563629,26.90313339,24.93426514,23.9333477,24.94226456,23.91913033
82,13 h 50 min,26.92781448,24.93190956,25.92310333,26.92714119,24.91078949,29.93095207,22.92897606,26.93222427,32.93141556,27.91823769,24.89960861,30.92161751,32.94093323,28.91959,28.93400764,33.93088531,30.91016769,27.91745186,25.93662643,25.95480156,24.88497925,22.907547,23.92653656,26.91287231,23.93063164,23.92266464,23.93177223,26.92096519,27.89151192,24.93194199,23.9264431,25.93343925,25.93271637
83,14 h,25.9463253,23.9277916,24.92233849,25.9422226,24.90129852,27.91814613,22.93070602,25.94828224,30.91767693,26.91358376,23.91332626,28.9375515,30.92271042,27.90671921,27.92263222,31.92666626,29.91857338,26.9069252,24.93385696,24.94010735,23.87010002,21.90321922,22.92231178,25.92814827,22.93035698,22.91101646,22.93129349,25.93094635,26.90240097,23.92352295,22.92989159,23.92552757,23.919981
92,20 h,27.92140579,27.94506836,26.89493561,26.89717484,24.86987877,30.9155159,25.94135094,28.93585968,30.90474701,26.88187599,26.90646553,30.91282082,31.89218903,29.89815903,29.91238976,30.89754295,29.87216377,28.87324333,27.93355942,27.93476295,25.93859673,24.90254593,26.93359947,28.91177368,25.93014908,25.92485046,25.93545341,28.92047501,28.90721703,25.93963432,25.93255806,27.92036438,27.93553543
93,20 h 10 min,27.93531227,26.94599152,26.92794609,28.91620827,26.90369225,30.92452049,24.92082787,27.93363762,32.90660858,28.90171432,25.91114807,30.93172073,32.92931747,29.92954445,29.93239403,32.91759872,30.89007759,28.89611626,26.95256233,26.94395828,25.89284706,23.75361633,25.93690872,28.92766571,25.94073296,24.90396309,24.92480278,27.91300011,28.90011215,24.92085457,24.92403412,27.92662621,26.93774414
94,20 h 20 min,26.93966103,25.93224144,26.93173981,28.93131828,26.92882347,30.93231201,23.92825127,27.93321419,31.92021561,27.90748978,25.9047718,30.93581963,32.93881226,29.93155861,28.9261837,31.92209053,30.9199276,28.88853264,26.95793724,26.95558548,25.88922882,23.90711594,25.93388557,27.9162674,25.92568398,24.91358185,25.02022552,27.91866112,27.89307594,24.92606354,24.92312813,26.94045258,25.908144
95,20 h 30 min,26.93540764,26.94166374,26.92514038,28.93002319,26.90698624,29.92985916,24.92366028,27.93188286,30.94290733,28.91426659,25.90241432,29.94816971,30.93300629,28.90671349,29.937994,29.93646812,28.92097282,28.89980698,27.96175575,26.92583847,25.91869545,23.88719559,25.93079376,27.92098999,25.93322372,24.91497993,24.93042183,27.92955399,27.91275215,24.92466545,24.92453384,26.92896652,26.91378784
96,20 h 40 min,27.94597435,26.92248535,26.90287018,28.92438889,26.88528824,30.91711235,24.91992569,28.93847847,32.90937424,28.90896797,25.91021156,30.93229294,31.93142891,29.90768433,30.92531967,32.89900208,31.92513466,28.92061043,27.96539879,27.95826149,25.93013763,23.90371895,25.92589378,28.9246273,25.92636871,24.92863846,25.92620468,27.92006874,28.90699577,24.93435478,25.92691422,27.92365265,26.92746925
97,20 h 50 min,27.94421005,26.9336338,26.8855896,27.89227295,24.88315582,29.91237831,24.92896652,28.93997955,31.91757011,28.89801216,25.89114952,30.92887306,32.90629578,28.89592552,30.90845108,31.9249897,30.88475418,28.89270401,27.93098831,27.94668198,26.88331223,23.91740036,26.93017387,28.92874908,25.92218208,25.91864204,25.92284393,27.92390251,28.91110802,24.93463135,25.91703224,27.92703247,26.91935921
110,20 h 05 min,24.91042137,23.90411949,24.89865685,24.91965866,23.87972641,26.9071312,20.92553902,24.9318161,26.91866493,25.89842606,22.9027729,26.90634918,27.92328835,25.91031837,25.91668129,26.92158318,26.89620018,24.88982201,23.90851784,23.91923141,22.85528755,20.87370491,22.9115448,24.89150429,22.91080093,21.89577866,21.91034317,25.91337967,24.86951828,22.9252243,21.93259048,23.89604187,23.90815353
111,20 h15 min,27.9227562,24.91534615,25.90563583,25.90966225,24.88453865,28.91868782,21.92452049,25.92813492,31.90766335,25.8927784,23.92197609,28.92881775,31.90696716,28.91450691,28.9302845,33.92160034,30.91665077,27.90028572,26.93808365,24.92595863,24.88978767,22.89523315,23.93127823,26.9210186,24.93579292,23.92905426,23.94070244,27.91604233,26.90823746,24.92577934,23.93611717,25.93188477,25.92530441
112,20 h 25 min,28.93507767,27.92613029,28.91606522,28.94224739,28.90084076,29.92994308,25.92599106,29.94200516,29.93824196,29.93114853,26.91179466,29.94398689,30.92128563,28.9228363,29.94665718,29.93983269,29.93034172,28.90683174,27.92519951,28.93927383,28.88229942,25.89856339,26.93562126,28.91888237,25.92637444,26.92332649,24.93292618,29.94278717,27.92043686,26.93557739,26.93579674,28.92683029,27.94388771
113,20 h 35 min,24.92427063,23.93909454,24.91699982,25.9384346,23.91074562,28.92131615,21.92437363,25.9239769,29.93664551,25.9076004,22.91228294,28.9255867,30.91585541,27.92750168,27.93087196,30.92808914,28.91777611,26.90122032,24.92757988,24.95173264,23.88282394,21.90451813,22.92441559,25.9158802,22.93144035,21.91293335,21.93188286,25.92581749,25.92211914,22.92829323,22.9408474,24.92598152,23.9167366
114,20 h 45 min,27.9187336,26.92910576,27.90799713,28.94308281,26.90028572,31.93412971,24.92765808,28.9403553,31.89793777,28.9169178,25.91392326,31.93433952,32.91474152,29.91422462,30.93483162,32.92877197,31.917696,28.8896122,27.92702484,28.96622849,26.85787964,24.90718269,25.93431664,28.92726898,28.98453522,25.94229507,24.93568993,29.9380455,28.91679382,25.93150902,25.94359398,27.92712402,26.92273712
115,20 h 55 min,26.92228508,25.93844223,27.92425728,28.9382515,26.90645218,30.92968178,23.92473602,27.93111038,32.92144775,27.91408539,24.90653992,30.94168854,32.91342545,29.91337585,29.93294144,32.92316055,30.93080902,28.89659309,26.93269539,27.9507103,25.89955902,23.89851189,24.92465591,27.91744995,24.92572975,24.92897987,23.93416786,27.92169762,27.91364288,24.93026733,24.92682076,26.93351173,26.94230843
116,21 h 05 min,26.9306469,25.93192101,26.91896439,28.93601036,26.91269493,29.92389488,23.92130661,27.93818855,32.92094803,27.91279411,24.91885757,30.94053078,31.93603325,29.92788696,29.9309063,32.92689133,30.92141533,28.90177155,27.95409775,27.95243073,25.89571381,23.90418434,24.93292236,27.91139412,24.93883133,24.94222832,24.94255638,27.91667938,27.92093468,26.930933,24.94193459,26.92562294,26.91936111
117,21 h 15 min,26.93001175,26.94262123,26.906353,28.92468262,26.9040966,30.9191246,23.91785049,28.93770599,31.92178726,28.9108429,24.90878105,30.92589569,32.91342926,29.90844154,29.92870903,32.91060638,30.92237663,28.90012169,27.94984818,27.95118523,25.89357567,23.89068413,25.9323616,27.91513062,24.9354496,24.92101669,24.93428612,28.93183136,28.90976143,24.92877388,24.93331146,26.94184113,26.93784332
118,21 h 25 min,28.92284775,28.93038559,29.90072823,30.93968201,29.89674377,32.92297745,26.93069649,30.93952179,32.90776825,29.91053581,27.91188431,31.91469574,33.90432739,30.90146637,32.93464279,32.91278076,32.91750336,30.87358284,29.94256592,30.94911575,28.87880516,25.91414833,27.93487167,29.9156189,26.91338158,27.93044281,25.93638039,30.92094231,30.89438057,26.91996193,27.93126488,29.92863464,28.93124771
119,21 h 35 min,27.94526863,26.92842293,27.91283226,28.91835403,26.8960228,30.91945839,24.93307495,28.93315506,32.91857529,28.90688133,25.91598892,30.93655205,33.92276382,29.92438698,29.93699074,33.92560196,29.90588379,28.87471581,27.94360542,27.94892502,25.91080856,24.91760445,25.92657852,27.91987228,25.92027664,24.93315887,24.94203186,27.92319298,28.89517784,24.93298721,24.94065666,26.94131851,26.93212509
120,21 h 45 min,26.9297905,25.91753197,26.89273453,27.90042877,24.89713669,29.89217758,23.92210388,27.94025612,31.92358208,27.91350365,24.92734718,29.93249512,31.90623665,29.92169952,30.93762016,30.88543129,29.90598488,28.88236809,27.94537163,27.95742798,25.89697266,23.90242767,25.93409729,27.926157,24.93605614,24.92376137,24.94091415,27.93258095,28.90640259,24.93993759,24.93408775,25.9252758,26.93062782
121,21 h 55 min,27.95315361,25.92855072,25.91353035,27.91549301,25.8878727,29.90425682,24.94363022,27.93891716,31.92184639,27.91086578,24.90672493,30.91874504,31.914011,29.89821243,29.92663765,32.90563202,30.91417694,28.88888168,26.92969131,27.96840858,25.89154625,24.93551445,24.93188095,26.9153347,24.93517494,23.91802788,24.93767357,27.93470573,29.92390823,24.94584084,24.93808365,26.93159866,25.92977524
122,22 h 05 min,27.92358208,26.93262482,26.88477135,28.90747833,26.8932724,31.9300251,24.92547035,28.94132423,32.89673615,28.91462708,25.91396713,30.92777252,32.88274002,29.91775131,30.93032646,33.92432022,31.91512871,32.90159225,27.90763283,27.93213272,26.89252853,23.90535927,25.92583847,28.9344635,25.93203354,24.92518806,25.94657898,28.94074059,27.91143227,25.93915939,25.93856239,27.92294312,26.92093849
123,22 h 15 min,28.92536545,27.93922234,27.90945625,28.89125824,27.89879608,31.91065025,25.92658615,30.92692947,31.91318512,29.90761757,26.90215492,30.903862,33.9249649,30.90942574,31.92720795,32.90807724,32.9289093,29.90991783,28.92080688,30.96009445,27.93366432,25.90206528,27.95289993,28.91170311,26.9194622,26.91076469,26.92694283,29.91744995,29.90668488,26.92964172,26.92346382,29.9278698,28.93499184
130,15 h 40 min,25.92927361,24.93183899,24.91597366,26.9344635,24.90103912,28.94201469,22.93449402,25.9400959,29.9259491,26.91986275,24.92178154,29.93337059,30.93463135,28.9428978,27.928339,29.92632675,29.9262886,27.89206505,25.94938469,26.97219276,24.86766052,21.90868378,23.92732239,25.92363548,23.9233532,23.92347527,23.92787552,26.9354229,27.90169716,23.92048073,23.93791771,24.93449402,24.91784668
131,15 h 50 min,26.94222832,25.93146324,25.90266418,26.9354248,25.91060066,28.92280006,23.9305706,26.93446922,29.93665314,27.91643524,24.92091751,29.93984413,29.93483734,28.92977333,28.92575455,29.95740509,29.94452858,27.90982246,26.95656013,27.96101952,24.91997337,22.90228653,24.94281006,26.92460823,24.94179344,23.92003441,24.93996048,27.94190979,27.90385628,23.96597099,24.9450779,25.93411636,25.93006897
132,16 h,25.91335869,24.93565559,25.91162109,26.92967796,24.89729691,29.94163132,22.92336655,25.93590927,30.93335342,26.93916702,23.9216671,29.92972565,30.92682266,28.91004562,28.92247009,31.92085648,30.9380188,27.89927673,25.9132843,26.96636581,24.86460495,21.91180992,22.93192673,25.90783501,22.92526436,23.94423866,23.94399261,26.93211937,26.91598511,22.93117332,23.94557381,24.92875099,24.93504333
133,16 h 15min,25.92274857,24.94570923,24.92800903,26.94090843,24.89996147,29.94534683,22.9296627,25.92476654,30.9273777,27.92353058,23.90492058,29.93682861,30.92491531,28.91631889,27.94073868,31.92379951,29.92804718,27.89795303,25.93601418,25.9595623,23.90688133,21.90781021,22.93367386,25.9180851,23.92779922,22.93483543,22.93653488,26.92519569,26.90537453,22.93345642,22.93730164,24.93411064,24.93223
134,16 h 25 min,25.93396378,24.93404961,25.91921043,26.92905426,24.91739273,27.92739868,22.92578888,25.93795395,28.93289185,26.92214966,23.9119072,28.94156265,28.93418312,27.92311478,27.93512535,28.9379673,28.93679237,26.9152298,25.93238449,25.94355583,24.90764809,22.91918945,24.94776344,25.93103409,23.93244743,23.93186951,23.93013954,26.92339897,26.91882324,22.93402672,23.93651581,25.93348694,24.93379402
135,16 h 35 min,25.93432426,24.92782402,25.92271996,27.93857384,25.90698433,27.92798615,23.9407177,26.93249321,28.93966293,26.90970993,24.91784668,28.94506836,28.9330101,27.92425537,27.93509483,28.93395042,28.93822479,27.89975929,25.92895889,26.94838142,24.93306541,22.91131783,24.93708229,26.91298676,23.93366051,23.91802025,24.9355545,26.91877556,27.90254021,23.93041992,23.92985344,25.94245338,25.95592308
136,16 h 45 min,26.942873,25.95491409,25.92537498,26.92055893,25.9197197,28.93437576,23.93435669,26.93649864,29.94213676,27.91449547,24.90670395,29.94673729,29.93307304,28.9422493,28.93853951,29.94130898,28.93666649,27.90145683,26.93452644,26.95034599,25.88776016,22.90319633,24.93774223,26.91832733,23.9276886,23.91559219,24.93316841,26.92479515,27.90577126,23.93227577,23.93070602,25.93956184,25.93739319
137,16 h 55 min,25.93068504,24.92341614,25.92200279,26.93450737,24.88794899,28.93233299,22.93279648,25.9412899,29.94392395,26.91938019,24.91878128,29.95075035,29.93411064,27.91041756,27.93146324,28.92811203,28.92700768,27.88798332,25.92813301,26.96969604,24.89074898,22.91679001,23.94103241,26.93608093,23.9367981,23.93802834,23.93951797,26.93587112,27.90828896,23.94746208,23.93086624,25.93867493,24.9117527
138,15 h 30 min,28.94332314,26.93100357,26.90920258,28.91711044,26.89949989,31.92814636,24.92882538,29.94311142,31.91093636,28.91727257,25.91718674,31.92932892,31.92273331,30.93720245,30.92564964,31.92086792,31.91830635,29.88594818,27.92921829,28.95718575,26.87810516,24.91287231,25.9363308,28.92461205,25.93217278,25.92908859,25.93498611,29.94223022,29.90093422,24.93035507,25.9354763,26.93000603,27.94811058
139,15 h 45 min,25.92406464,24.93766785,25.91741371,26.92027092,24.92645645,29.93711662,22.94767952,26.93231773,31.92020035,27.93579292,24.92727661,30.93843842,31.92572594,28.92486382,28.94158173,31.92332077,30.93327332,27.90301132,25.92204475,26.94593239,24.90230942,22.90992165,23.93379974,26.90862083,23.93405533,23.93147659,23.93364716,26.92125893,27.91113091,24.93408966,23.93680573,24.93768501,24.93800926
140,15 h 55 min,26.92743301,24.93961143,25.91932106,26.93062019,25.90594482,29.93279266,22.93652344,26.92905235,31.92751122,27.91813087,24.92372322,30.9410553,31.92887688,28.91386032,28.93268967,32.9250412,30.93366623,27.89901543,26.95004463,26.96580315,24.92189217,22.91500092,24.95262337,26.92842102,23.92536545,23.91719437,23.92159653,27.93665314,27.92748833,24.93735123,23.93388939,24.94338036,25.93603706
141,16 h 05 min,26.93729782,25.93473434,25.91067696,27.92230225,25.90492058,29.92098427,23.91562271,27.94762993,32.92805481,27.91520309,24.9227829,30.93959999,32.93340683,29.92170334,29.93253708,32.93536377,30.92875099,28.89384842,27.94706535,27.96240044,25.89502716,23.91971207,24.93508148,27.91699409,24.93575668,23.92279243,24.94307137,27.92708397,27.92532539,25.93257904,24.9485054,25.93468285,26.9475193
142,17 h 15 min,26.9268055,25.94704056,25.92060471,27.93276787,25.90603638,30.93178558,23.92280388,26.93750763,33.93732071,28.93573952,24.91501999,31.94260597,32.93439865,29.92787552,29.93130302,32.93325424,30.93302345,27.91683769,26.94055939,27.96256065,25.92004776,23.91347694,24.9355793,27.91869736,23.93156433,23.92649078,23.93529129,27.92930222,27.9397316,25.92449951,23.93586731,25.92700195,25.91616058
143,17 h 30 min,26.93191719,25.93504524,25.90789413,27.9162159,25.89387894,29.9125309,23.92331696,27.9445343,31.93195152,27.91363144,24.91413689,30.94186974,32.92149353,29.92478943,29.92735291,33.93264389,30.93429375,27.9199276,26.94048882,27.95798492,25.9005394,23.91535378,24.93094826,27.92155266,24.93733025,24.93667603,24.94054985,27.93165398,27.92346764,25.92397881,24.93996239,25.93378067,25.93602753
158,19 h 10 min,29.94041634,28.93612289,28.89694786,29.90692329,28.90047836,31.91737366,26.92886162,30.93901634,31.9047699,30.92010498,27.90898323,32.91728592,32.92537689,31.92492104,32.9318924,33.93858719,32.92422104,29.90816307,29.959692,31.96925354,28.86972809,26.91871834,28.94671059,29.91120338,27.9306221,27.92755318,27.93587494,30.92160225,31.90122414,27.92829895,27.9377861,29.93501663,29.94033432
159,19 h 20 min,29.91518402,29.94070053,27.88684845,29.89640617,27.87656784,30.89202118,26.91885376,30.91781616,32.90074539,29.90013123,28.91052818,31.89844894,32.89742661,31.92024422,33.9304657,32.92782593,32.90789413,28.89274406,29.94691086,30.94839478,28.87843323,26.89606094,28.94109917,30.89827728,28.94345093,27.91142654,27.92761612,30.91600418,29.91813278,27.92284584,28.94155884,30.93465805,29.9246273
160,19 h 30 min,28.94719887,28.95485497,28.91761208,29.93182945,28.91753387,30.92880249,25.93625641,29.93712234,30.90870285,29.92632484,26.89813614,30.92143822,32.9202652,30.92019844,31.92102432,31.89958763,29.91371155,28.86263084,28.91729736,29.96754074,26.86489105,25.90532875,27.94528389,29.92956734,26.92486954,26.92053223,25.93749619,28.90361404,29.89676857,26.92870522,26.92674637,28.91212654,28.90689278
161,19 h 40 min,26.91660309,26.94014931,26.89849281,27.93042374,24.88046074,29.91610527,22.9229908,28.9360714,30.89907837,28.91162491,25.91128349,29.92580605,32.92518616,29.93706512,30.94075012,32.92944336,30.9187851,28.88765144,27.94077682,28.96798706,26.87574768,24.92232895,25.93073845,27.91649055,25.93127823,24.91786003,24.93477249,27.9283123,28.9170723,25.93889046,25.93722916,27.92831802,27.95056725
162,19 h 50 min,28.92962265,28.93442535,28.89869118,29.92786407,28.89554214,31.91755867,26.91651535,30.92823219,32.9408493,30.91059303,27.91314697,32.94581985,32.93134689,31.93457031,31.93380356,33.93988419,31.92472649,30.89190483,29.95714188,30.94800758,28.93689919,26.90013885,28.94078255,29.93017197,27.92536545,27.91327286,27.92523766,30.93623734,30.90883446,27.9221077,27.92416763,29.92739105,31.92511368
163,19 h 55 min,28.94942665,27.9270649,27.88930511,29.91632652,27.89429283,30.90392494,25.91460037,29.93481255,31.91118431,29.91752243,26.91358757,31.90962219,34.92943573,30.91277885,31.9274559,32.95798492,32.93267822,29.90352631,28.93493271,30.96367455,27.8951664,25.90397072,27.94876671,29.92911339,26.93531036,26.93366051,26.94122887,29.92964745,30.91401863,26.93614388,26.93888092,28.94388962,30.97198296
164,21 h,29.92139816,29.92988777,28.88243103,29.90850449,28.90955544,30.9294529,27.9444828,30.92798615,30.92572403,30.91495895,27.90898705,31.91606522,31.92036629,30.91302299,31.93175125,31.92198944,31.92451096,29.9028759,29.94366074,31.96687889,28.86988258,27.92455101,28.93204308,29.91032219,27.94047928,27.92887688,27.94208527,30.92952156,29.91571045,28.92439651,26.91680336,30.93808365,29.93091965
165,21 h 10 min,29.92759132,29.93481445,27.90633965,28.89681816,26.88643265,27.9753437,27.93361092,29.92080116,30.91202164,29.9094429,27.91097641,29.90838242,31.91141319,30.93421173,31.92862129,31.92976189,29.9177475,28.86351776,29.92592621,31.95487022,28.85249901,27.92843819,28.92397308,30.91769028,28.91218185,27.93232155,27.93728638,29.92518425,29.93183136,27.93590546,28.92938805,29.91007996,29.92449379
166,21 h 20 min,26.93831825,26.94802284,27.92202377,28.91469955,26.90763664,29.9325695,23.93496895,27.94130898,30.92311287,28.90261078,24.91215324,30.92817116,31.91704178,29.92873192,30.93543816,31.9294796,30.93043327,28.87429047,26.93955803,27.96448135,25.87649345,23.92080116,25.92312241,27.92387199,25.92248154,24.91797066,24.93053436,27.92460632,28.89695168,24.92124748,24.93614388,27.93651009,26.93445969
167,21 h 30 min,28.9023571,28.91934776,28.87806129,30.94131088,28.88359261,31.93273163,26.93082428,29.93640327,29.88427353,29.89095497,27.90299606,31.92661476,31.91087341,30.91980743,31.93166351,31.93329048,30.9299221,28.89616585,29.9443264,28.95526123,27.93496704,26.9061718,27.92744637,29.90358353,27.93169403,27.93863297,27.92438698,30.93205833,29.9016819,26.9232235,27.93561935,29.91827965,29.9314785
168,21 h 40 min,29.91849327,29.92448997,28.89319229,29.91889572,27.90544319,30.92874146,27.93632507,31.93849373,33.91801834,29.90286064,28.91051102,31.93281746,32.9090271,31.92320061,32.92227936,32.92511749,31.90558624,29.87874794,30.95442963,31.96013451,28.90453529,27.91086006,29.95337296,30.93343163,27.92943573,27.93313789,27.93358994,31.9374485,31.8968277,27.93540955,28.93719673,30.93386269,29.92129898
169,21 h 50 min,29.92009926,29.92553902,28.89237595,29.88946915,27.89466667,30.91805458,27.93128967,31.93210983,32.92858505,30.93228149,28.91260147,32.90908051,33.9270134,30.93154716,31.93316269,34.9385376,32.91611481,30.92635155,30.95212555,31.95508575,29.91944885,27.91314697,29.94266891,30.93157959,28.92700005,28.93403816,28.93702507,31.9432869,31.91073418,27.9345932,28.93066978,30.91461945,30.92731667
170,22 h,29.94522667,28.936203,27.89235497,29.9044838,28.90733337,30.90245056,26.92888641,30.92176437,32.92146683,30.90976715,27.91292572,31.92098808,33.93342972,29.94019127,32.93541718,33.9305191,31.92594337,30.88382339,28.93093109,30.94229317,28.93983269,26.91738319,28.95152664,30.92832565,27.92655754,27.9269104,27.93595505,31.94083214,31.91873741,27.93652344,27.93587112,30.92557144,29.93423462
171,22 h 10 min,28.93628502,29.94933891,28.88333321,29.89461327,27.89581108,29.89889526,26.93569565,30.9177475,33.92975235,30.90911674,27.91416168,32.902771,34.93140411,28.92418671,32.92245483,34.95297241,33.9052124,29.88147736,29.93408203,31.97917747,28.90591049,26.92098618,28.93711662,29.90888214,28.93967819,27.92213821,27.93835068,31.95264626,29.91508484,27.92779732,28.95511055,30.92922974,29.93081856
172,14 h 20 min,27.94086456,26.93845367,26.90379143,27.92682076,26.91318703,28.94986343,25.92824745,28.94649315,28.93442726,27.92037201,26.909935,28.93609047,28.92833328,27.93736076,28.93717575,28.94154549,28.93330002,27.89754677,26.91794014,28.9583416,26.88664055,24.91753578,25.92876244,27.93055534,25.92576408,25.91278267,25.92599869,27.93374252,28.91538239,25.92154503,25.92736435,27.93469238,26.92850876
173,14 h 30 min,27.92845726,27.9327755,25.89035797,26.91831398,25.89702988,28.93227577,25.92409515,28.93567276,29.9050808,28.92154503,26.9098568,28.92494774,30.93450356,27.91641045,29.92267799,29.92980385,29.9206295,28.89652824,27.9190712,30.97582626,26.87777901,24.90420723,26.94392395,27.90735626,26.94056702,26.93830109,26.93636703,28.9376564,28.94574738,26.94654465,26.94284821,27.92835999,27.93327141
174,17 h 35 min,25.9401226,24.94618034,25.92283821,26.94559669,24.90767479,28.94550705,22.92839813,25.93483353,29.92553139,26.91462326,23.91840553,28.93196678,29.91974831,27.92952919,27.93163681,29.93330002,28.92830276,26.90358925,25.94205093,26.96274567,24.86933708,21.91092873,23.96020508,25.92344666,23.9386692,22.91910744,22.92811203,26.92894363,26.91221046,24.93719673,22.92915916,25.93711281,24.92624092
175,17 h 50 min,25.93247986,24.94001961,25.92703056,26.93331909,25.90738678,28.9294796,22.94204521,25.94190788,29.92433167,27.92798424,23.93155479,29.93214226,30.93608093,27.92396927,28.93926239,30.94521332,28.92726707,26.92667007,25.93144608,26.95998955,24.89809418,21.91309738,23.92949486,26.94137573,23.92538834,22.9150238,23.93782806,26.92148399,25.91743088,24.94198227,23.94232368,25.9333992,25.94709206
176,18 h,25.92734337,24.94714928,24.91161346,26.9127655,24.90454292,27.90936852,23.93997955,25.93267441,28.93346214,27.93952942,24.93271255,28.92867279,28.93179703,27.94417191,27.94464684,29.9411335,28.93074226,26.90657425,25.92527199,26.94251442,24.94670677,22.91426659,23.93013191,26.92502975,23.9308033,23.92281342,23.93358612,26.92940521,26.91911697,23.92657089,23.92948532,25.94215584,25.9461956
177,18 h 10 min,26.94138718,25.93984222,24.91362,26.92763138,25.91296196,29.93326187,23.92329025,27.94468307,31.93507004,28.92445374,24.91349792,29.93441772,31.93165398,27.91864395,29.94102287,31.95232773,30.92429924,28.8936348,26.94259262,27.96315002,24.88404655,23.9177475,24.95643616,27.92850304,27.98069572,24.93161774,24.94226837,27.93804741,28.91931725,24.93132591,24.93791962,26.94940758,25.93221855
178,18 h 20 min,25.92810822,25.93748474,25.92774582,26.92250443,24.8858242,28.90638351,23.93516731,26.93219376,29.91831207,27.92078209,24.90828323,29.92575264,27.92974091,27.93029594,28.92960548,31.93391991,29.92340279,27.89876938,26.9250164,27.97282028,25.87667847,22.91594124,24.9419899,26.9230175,23.92949104,23.92127991,24.95108986,26.92552948,27.93839073,24.9332695,23.93824959,26.9399929,25.92979622
179,18 h 30 min,25.93043137,24.93872261,25.91392899,26.93384171,25.89554024,29.92485046,23.93493843,26.94012451,30.9132061,28.93126297,24.91899681,29.91507339,31.94925499,27.91653252,29.93699837,31.95247841,30.93183899,27.9149971,26.93146515,27.96770096,24.93374062,22.92601395,24.95705986,26.91964722,24.9417572,23.91734886,23.92795944,27.9384861,27.92931175,24.93170929,23.93136024,25.93408585,25.93383026
180,18 h 35 min,25.93077278,24.9363327,24.91525841,25.94075203,24.90345955,28.9243145,23.95059776,26.93460655,29.91200256,27.92186165,24.9258728,27.92023468,30.92144203,27.92926407,26.93969536,30.92457199,29.9311657,27.8999157,26.93237305,26.95696449,24.90306854,22.91533661,23.93848801,26.91545486,23.93721581,23.94838715,23.9407692,26.91886902,27.91439629,23.93831444,23.94698143,25.93999481,25.93709373
181,18 h 55 min,26.94480896,25.93969917,25.91093826,26.98214722,25.89853477,29.93363571,24.95105362,27.9296608,30.91704559,27.90895081,24.90987778,29.92078781,31.91942787,28.94033432,28.93816948,30.93099594,30.91806793,28.89875793,26.91391182,27.94692039,25.90021896,22.91436577,25.94820023,27.91326523,24.93428612,24.92897797,24.93581581,27.93014145,28.92255402,23.93299484,24.93642998,26.93966866,26.9514122
182,19 h 15 min,26.95061493,25.93850708,26.91924667,27.92655945,25.89860344,28.91115379,23.92938042,27.95010185,31.92756844,27.92049026,24.90152359,29.91890717,31.91927338,27.91849899,29.92814064,30.95036125,29.92476463,27.89860153,26.95035744,27.96949768,25.89267731,23.91807556,25.95898056,26.92259026,24.93242073,24.92930984,24.9352684,27.93647957,28.91357613,24.93849182,24.93971825,26.9370575,26.94576836
183,19 h 25 min,26.95143127,25.93636513,25.92520905,28.94327736,26.9111805,28.93395615,23.92830467,26.93772125,30.92489815,27.92238235,24.92772102,29.93682098,30.92172241,27.93072701,29.93585396,30.93430328,29.92583466,27.90292358,26.92806244,28.96897888,25.8570118,22.905159,25.93695641,26.90948677,24.94033051,24.94490814,24.94647408,27.95983887,27.92656517,24.94098854,24.94928169,26.92914581,26.94041061
184,19 h 35 min,26.94260406,26.94597435,25.90817833,27.93335724,25.89135742,27.93550873,23.93001747,26.93200493,29.93326187,27.92466164,25.91373062,29.9380188,29.92784309,27.93525124,28.93497086,30.94604301,28.91889191,27.88742065,26.93845749,27.95041847,25.87923431,23.91752434,25.95463371,26.91389656,24.93549156,24.93667793,24.93811226,27.95144081,27.90736198,24.94808769,24.9416256,26.92849541,26.95665741
185,19 h 45 min,27.93173409,29.95408249,27.90552902,28.89836311,25.93741608,27.91363335,26.9257431,29.93010712,29.91430855,28.90061569,27.91270256,29.91737175,31.9456749,28.93338585,31.94679451,30.92508507,29.92106056,29.90036774,29.94183159,30.95105934,27.89271355,26.90925407,28.94046211,29.92491722,27.9278965,27.9199543,28.92671394,29.94606972,30.93588257,27.93215179,28.94234276,29.93830299,29.94759369
186,18 h 30 min,26.94969559,25.94337082,26.93307114,27.92552567,25.89829063,27.92296982,23.93959236,27.93476868,32.93671036,28.91696548,24.90050697,30.93655586,33.93445206,27.90802002,30.94365692,32.92995834,31.92357635,28.88850784,26.94571686,27.9540062,25.91426468,23.92645264,25.94393349,27.91996956,24.92241287,24.91368294,23.94340134,28.93225098,28.92297935,24.92012787,24.93625069,26.94733238,26.92142105
187,18 h 40 min,26.92989159,26.94086266,26.89992714,27.92796516,25.90976143,27.93458748,23.92052841,27.93681717,30.92343712,27.92635918,24.91431618,30.92833328,31.93901634,27.93140411,29.92491722,30.93404198,30.93394661,28.90627098,26.91132545,28.98123169,25.92891121,23.91486549,25.95105362,27.92262268,25.94722366,24.92864418,24.9416256,28.9529686,28.92813683,24.93683434,24.93818283,27.94695473,26.92046356
188,18 h 50 min,27.93629456,27.93685913,26.93208885,28.93547821,25.90338135,28.92286301,25.93323135,28.91075897,29.92158699,29.93659401,26.93234825,30.91721153,33.94736099,28.92527008,30.9389534,31.92256165,31.92379951,28.88675499,28.93434334,29.96671677,26.86605072,24.9194355,26.9435463,29.9426384,26.94011307,26.95083046,26.94867325,29.93939209,29.92472076,27.9325161,25.92907333,28.92303085,28.93561554
189,19 h,26.95005989,26.95736885,26.91857147,26.92401123,25.89884758,28.91484833,23.92888641,27.93190575,30.89347458,28.93880272,24.91795921,28.92951012,32.92314911,28.94520187,30.93664742,31.92937088,30.91176987,28.89587402,27.92380333,28.9708004,25.91132164,23.91655922,25.9370594,27.91150475,25.92967987,24.93092728,24.93849945,28.95279694,28.91829109,25.93061829,24.94029999,27.92997932,26.94394875
190,22 h 25 min,27.95491028,26.94257355,25.88992119,26.92386627,24.90776825,27.91690636,23.9283905,27.93579292,29.8964119,27.90914726,25.91510582,27.88792229,31.91083908,27.91542053,29.93238068,31.93296814,29.92745018,27.8718586,27.92109108,28.97290993,25.87804604,23.91581917,25.94865417,28.92901802,25.93235588,24.93128204,24.94334984,28.94067955,28.92560005,25.93785858,25.95078468,27.93629074,26.93229866
191,22 h 35 min,26.9400692,25.93418121,26.90581322,26.90372658,24.90783691,27.91016197,23.9277153,27.93190193,30.91555405,24.93546867,24.92291451,28.90885735,31.93263435,27.92850304,29.93634796,30.94610786,29.92153168,27.89747429,26.94095993,28.9635849,25.89504051,23.9176445,25.92947388,27.92517853,25.93605614,24.92879868,24.94126129,27.93452835,27.93536949,25.93460655,24.94203758,26.94418144,26.93887901
192,22 h 45 min,26.94158936,26.95483017,27.93778992,27.93688202,26.91269302,28.93935394,23.92802048,27.9402771,30.92495346,28.93475342,24.92025757,29.94434738,31.93310165,27.9295845,29.94052124,31.9399929,30.94060516,27.90535545,27.93202209,26.94396782,26.89801407,23.92234802,25.94908524,27.91912079,25.94181633,24.92342186,24.93906975,27.92600441,27.93160439,25.9304409,24.9331398,27.94739151,26.94438553
193,22 h 55 min,27.94301414,26.9541626,26.90639687,27.92566681,26.90857506,26.93728828,24.91630173,27.93027115,27.92070007,27.91619873,24.90065575,28.94642067,28.93530655,27.93459702,25.93118095,27.93568039,27.92726707,27.89733315,26.94351196,29.95822144,26.90330505,24.92020798,26.94257736,26.9375,26.93147659,25.93443298,24.94323349,26.93030167,27.92873573,25.94032669,25.94750786,27.94307518,26.92888069
194,23 h 05 min,27.95230675,26.94696426,27.9265728,28.92935181,26.90260124,28.93827057,24.94781876,28.94029617,30.94109726,28.93102264,24.92716789,29.92945862,30.93040276,27.92894173,30.93768501,30.93562126,30.93775558,28.90175247,27.92968178,28.95903587,26.89538574,24.92142296,26.94138527,27.93372536,25.95719719,25.93597031,24.94324875,27.94001007,28.93798447,25.93794441,25.95043945,27.94223595,27.95251083
195,23 h 15 min,28.93276405,27.94638443,26.88862419,29.9228363,26.90060806,27.93536568,27.92962646,28.9322319,28.93052673,28.90963936,27.93630028,28.93006325,29.93212318,27.94637108,28.93496132,28.92846107,28.93308067,27.90369797,28.95890808,29.95441628,27.87483215,26.91407967,28.9456501,27.92989731,27.93819237,27.92373466,27.94355202,27.93213654,28.90891838,28.92969704,28.93213081,28.9289093,28.92812157
196,23 h 25 min,27.93903351,27.95465088,26.89928436,27.92457581,26.9013443,28.93507957,25.93099785,28.93410301,28.92779541,27.91352272,25.91028023,29.92791939,29.92677116,27.91939926,29.93123817,29.93334198,29.93144608,28.89510727,27.94131851,28.97045708,26.83819008,24.9051075,27.94496918,27.92550087,26.92000771,26.91083908,25.94038773,27.92998505,28.90508461,25.92483902,26.93538094,27.92917252,27.93608856
197,23 h 35 min,26.91874886,26.93200493,26.90096664,29.93973732,26.89975739,27.93125534,24.93036842,28.94577789,30.9127636,27.91942215,25.92082405,29.92811775,31.92834282,28.90990639,29.92374039,29.92589188,29.91042519,28.8769474,28.93929482,27.96227455,25.88680649,23.90073013,26.94861221,27.9313755,25.92759514,24.91428566,24.93018913,28.94309616,27.90672684,24.92826843,25.93824387,27.93436432,26.93362045
198,23 h 45 min,27.93924141,27.94826889,26.89438629,28.91183472,26.90099716,29.9245472,25.93997574,28.92722321,30.92926025,28.90936661,25.91765022,30.91988182,31.92093849,28.91340637,30.92778015,31.92659378,30.93460274,29.89346123,28.92154694,28.95394897,26.88186264,24.90963745,26.92809868,28.91938972,26.93662262,25.91392136,25.9397316,29.94935989,29.8931179,25.93308258,25.93213654,28.92295647,28.93513107
199,23 h 55 min,27.93778801,27.94352341,27.91512108,29.94391441,27.92264366,28.92370033,25.9307518,28.93119621,28.92478943,27.90630531,25.90804863,29.92889214,29.93502617,27.90804291,29.93492317,29.94172478,28.91663551,27.91372681,27.92114258,27.937603,26.88257217,25.91615486,27.93841934,27.91266823,26.93305969,25.92028618,25.92774773,28.93646812,27.88409996,24.93020058,25.92909431,28.93020248,27.9164238
200,13 h 45 min,25.92362022,25.93216705,25.89794922,26.93340874,25.90346146,28.91469765,23.93163681,26.94242477,30.92654037,26.9484005,25.91819382,29.92715073,31.92866516,28.93141556,29.93784332,31.92974472,28.90771675,27.88874245,26.9453125,26.95119286,25.84871674,23.9110508,25.94108772,27.92617798,24.93886757,23.91920662,24.93898392,27.95415115,27.91252708,23.92099953,24.94194794,25.92341423,25.92106247
201,14 h 05 min,25.93354607,24.96113586,23.89039993,25.91580963,23.89181519,27.91906357,22.9432621,25.92533112,29.92437744,26.92479706,23.90937042,28.92097282,30.92354584,27.92746162,28.93396378,30.91672897,28.91238403,26.90956116,25.93548203,24.95152283,23.90953255,21.90508842,23.9303627,26.93644524,23.93917465,22.91159058,22.93448448,26.94311523,26.91550446,23.92758942,22.93108177,24.93300629,24.93418884
202,14 h 10 min,25.93055916,25.9500618,25.91827583,27.93195724,25.91053581,28.91589546,23.93909836,26.93963242,30.92947578,27.92786598,24.91681862,30.93810081,31.93931198,28.9407959,27.93055153,31.92920113,30.92842102,27.9031086,26.93613625,26.95840263,24.91388893,22.90491104,24.93079948,27.93427849,24.93762779,23.92027473,23.9372406,26.93180656,27.91363525,23.9330864,23.93518257,26.94166183,25.92340469
203,14 h 25 min,24.94279861,23.93128777,22.89348221,24.91958237,22.9025631,26.90808868,21.92445183,24.94596863,28.88886642,24.91396523,23.92471123,26.91122055,28.88725471,26.90389633,27.93153381,28.91062355,26.89693069,26.88839531,24.94150543,24.96102333,22.9414444,20.90678787,23.9412117,25.9163456,22.93678665,22.93032074,22.94671059,25.92027092,24.91239548,23.92259789,22.93608665,24.94308472,24.94581795
204,14 h 35 min,24.92806053,24.94100189,24.91558838,26.93886566,24.91452217,27.94036102,22.93119049,25.92932129,28.91255188,26.91987991,23.92465591,28.91708374,29.93138504,26.92682457,27.93765831,28.92232513,28.92035675,26.89300537,25.94099426,25.94631195,23.91097832,22.91333199,24.94455719,25.91221809,23.93328285,23.92601585,23.93762779,26.95783997,26.92404747,23.92540741,23.93929863,25.92937088,24.92665291
205,14 h 50 min,25.92289162,25.9469986,25.91286087,26.94442558,25.90615463,29.94571495,23.93816948,26.95226669,30.91991234,27.92921829,24.9252739,29.93656158,31.93379784,27.91901779,28.92998886,31.93018723,29.9066391,27.88220978,26.93410492,25.94821167,24.88222122,21.90099525,24.93343735,26.91771317,23.92905235,23.92425728,23.93485451,26.94238472,26.89785385,23.9271946,23.9344902,25.94013405,25.93430901
206,22 h 30 min,29.93856812,29.94023514,28.8897419,31.93030739,27.90228462,30.92752075,26.93910027,31.9366703,31.93795776,30.93680191,28.91489029,30.93314362,33.93415451,29.94900894,31.93292236,31.9386673,30.91662216,30.89249992,29.93055153,30.9610405,28.83385658,26.91312599,28.92627525,30.92947578,28.9263649,28.93266106,28.93591309,30.94249344,30.89986038,27.94317245,28.92886162,30.93271637,29.93843079
207,22 h 50 min,29.93896866,30.95322037,29.89243126,31.92660332,29.90085793,30.93353462,27.935606,31.93577194,30.91135597,30.92959595,27.93113136,31.93346024,31.93185616,28.91116333,31.92862129,31.93328667,30.91205788,29.8921032,30.95039177,30.94474983,28.91851616,26.89700127,29.92861557,30.92127609,28.93105507,28.92682266,27.93904495,30.93352509,29.9026432,27.93344307,28.92925262,30.91620064,30.94839096
208,23 h 10 min,28.93366432,28.93845749,28.89778519,30.9121666,28.91137695,30.92971611,26.93344498,30.94038582,30.92400551,29.91309738,27.93623352,31.94841194,31.94338989,29.92638397,31.93578339,31.93899345,30.9181385,28.8913784,29.93237305,29.94678879,28.8758316,26.91952705,29.94723129,29.91203499,28.93740082,27.91960716,26.94528961,30.94032669,29.89976883,26.93756104,27.91805649,30.9363575,28.93394279
209,23 h 20 min,28.94315529,29.93941879,27.90095711,29.90163231,28.90965462,29.9198761,27.95520401,30.93149948,30.9369278,29.92270279,27.93139458,30.9288044,30.91949272,28.92521667,31.92602921,30.92777634,29.92115974,29.88695908,29.93090057,29.93643761,28.91226006,26.9084301,28.93519592,29.92462921,28.92103195,27.9151001,26.92952347,29.93170929,29.91386032,26.93689537,27.91982651,28.93164825,28.91291618
210,23 h 30 min,29.93070602,32.95843124,24.89296341,27.89006805,25.91649628,28.89128685,29.94789886,30.91268349,29.9036274,28.88923264,28.90176582,29.92595291,31.88215828,29.92314148,31.90324783,31.91315651,29.91023827,27.89328575,31.92823029,30.93553543,28.85855865,28.89090157,32.95245743,31.90979195,29.92409706,30.9305954,29.92195511,32.9147644,29.90200043,28.90911674,27.91428375,31.91047287,31.92028046
211,23 h 40 min,29.9419632,30.94029045,27.88477135,30.89561272,27.90358543,30.90015984,27.93266869,30.90891075,31.90420723,29.90844536,28.93156433,31.89347076,33.92528152,29.95349693,31.91629791,33.93347931,30.89053917,30.86429214,30.94018745,30.93682861,29.89128113,26.90262413,29.94561195,31.92745972,29.9511013,28.9144268,28.93815041,31.91830444,31.90372086,27.92744446,28.93109131,30.93220901,30.92687416
212,23 h 50 min,30.95078278,30.93828773,28.89879608,31.90691566,28.90397835,30.92162132,28.94438553,31.92447472,32.9017868,31.92046738,28.9346981,31.91456413,33.92733383,29.91465187,32.93375397,32.92535019,31.92056847,29.86991501,30.91846848,31.95561028,29.93010902,27.89389992,29.92785835,30.90922737,29.92375565,29.93862343,28.93391418,31.92751694,31.91932106,28.92656517,28.92803192,31.9268055,30.92742538
213,24 h,28.94044113,28.95332146,27.87664032,29.91880417,27.89450264,31.9374218,26.94815063,30.93741417,31.91237068,29.91731453,26.92254257,29.91523552,32.93545151,29.92931938,31.91620064,32.92955017,30.88297653,29.88490677,29.93959618,29.95494461,27.93179703,25.90718269,28.9537468,30.93033791,27.92790413,26.91066933,26.93591499,29.92601776,29.92494965,26.9273262,27.9364109,29.93779755,28.94397354
228,10 h 20 min,26.93447113,26.94563866,24.89836311,25.92244148,24.89857864,28.90935326,23.92785835,26.92672729,29.90250397,27.92015076,25.94070625,29.91933441,31.92199516,28.92718887,29.9303894,30.91224861,29.91172409,27.88546944,26.9294548,26.95573235,25.88671494,22.90669823,24.93686295,27.93668365,23.92108345,24.93956375,24.94228745,26.92791748,27.91595078,24.93847466,25.95453262,25.93359375,25.94142342
229,10 h 30 min,27.94234657,26.93736649,25.90498734,27.92548561,26.90391922,29.92782211,24.92515182,27.93408012,31.9195919,28.9171772,25.91898346,30.91721535,32.94804764,29.91866493,30.92834663,32.94923782,30.92221451,27.90031242,27.92341995,29.97213554,26.87829971,23.90715599,26.95398521,27.92134476,25.95144081,24.91629982,25.9433136,28.9468689,28.91671562,24.91826248,25.94185638,27.94159126,26.93509293
230,10 h 40 min,26.93364143,26.93570328,25.93912506,27.94243622,25.92110443,29.9425106,24.93510628,27.94135666,31.92769623,27.91810036,25.91369629,24.92392921,31.92542076,29.92440414,29.91854286,31.93436623,28.90294647,27.89794159,26.94437599,28.95981598,25.90312958,23.92342377,25.93482399,27.94293022,24.93265152,24.93025208,25.935812,27.9392395,27.8889904,24.94219208,24.92964554,26.93881416,25.91497421
231,10 h 50 min,26.9424324,25.93356895,25.91356659,26.92953682,25.89950371,29.94088745,23.93401527,26.94060326,31.94522858,27.91784096,24.91355896,30.9438858,31.92717552,28.91759872,28.93829536,31.93616486,30.92897034,27.90714836,26.93708801,29.97550964,25.89081955,22.90714073,24.93997383,26.92647743,24.9487648,23.92516518,24.9512558,26.93204308,27.8956604,24.94189072,24.94484138,26.94639206,25.92918587
232,11 h,27.95407677,24.91606331,25.86453056,26.94095993,25.90049171,29.9416275,23.93892288,26.94427872,30.92045212,27.92553902,24.91690636,29.91792679,29.92287827,29.9267807,28.93429565,32.94406509,29.91129303,27.89792442,26.94799232,28.96172714,25.86907768,22.90572166,24.94161415,26.91909027,23.93805122,23.93687439,24.94226456,27.92922592,27.88565063,25.93470192,23.92872047,26.94067192,25.94411278
233,11 h 10 min,26.9348793,25.94511032,24.91922569,26.93135262,24.8901825,28.93407059,23.9197197,26.93967438,30.92555809,26.91214752,24.91994667,29.9221611,30.93335724,28.91598511,28.93435287,31.91894341,28.91122437,26.90876198,26.94729042,27.95412445,25.89694405,22.90792465,24.93917465,26.93713951,23.93715286,23.93600655,24.93787766,27.92737961,26.92804527,23.93295097,23.92908096,25.94032478,24.92585564
234,11 h 20 min,27.9518013,25.93613052,24.91121483,26.91823006,24.88457298,28.93146896,23.9264698,26.93336868,30.91016769,26.90200996,24.91379547,28.91599083,30.92189407,28.91793633,29.93447495,31.91524315,28.90955162,27.8936615,26.9402523,28.96951675,25.89338493,22.91351891,24.93448639,26.93791008,23.94099045,23.92813683,24.93548012,27.93081284,27.92217255,23.93603325,24.93726158,26.93949318,25.93686485
235,11 h 30 min,27.95227051,25.92812729,25.91149712,27.9410038,25.89517021,29.94474983,24.93434334,27.95143318,31.9409523,27.92586136,24.91690063,30.9355278,32.93204498,29.9414444,29.93519402,32.93769073,30.92954636,28.90300751,26.9430294,28.96170616,25.9380455,23.91623306,24.93956184,26.92366791,24.9451828,23.92589378,24.93436813,27.93768692,27.92459869,23.9393158,24.93121719,26.93780899,25.94104576
236,11 h 40 min,27.96141815,25.94152069,25.91430664,27.91976357,24.90607643,27.90340614,23.93049812,26.93434525,30.92992783,26.89323616,24.91334152,29.91756439,31.90557671,28.91923904,28.93408775,31.91337585,29.91680145,27.90108871,26.93584061,28.96282768,25.91672707,22.90547562,24.93374443,26.91732788,24.94293213,24.93579102,23.93789101,27.93806648,27.91389847,25.93609047,24.94664001,26.93645859,25.93091774
237,11 h 50 min,27.95290375,25.93120956,25.91264343,24.94664001,25.89792824,29.93932724,24.94617462,26.94529724,31.9275589,27.91325569,24.91624832,29.92896652,31.92125511,28.92236137,29.93761444,32.94139862,30.92168617,27.90478325,26.95672417,28.95953941,25.92734337,23.93292618,25.94120026,26.92645264,24.93489838,24.9256897,24.93635941,26.93195152,27.92279816,24.93024445,24.93417549,26.93878365,25.92207909
238,12 h,25.93706131,24.93977928,24.9246521,25.93404961,24.90775871,28.95040894,22.93463898,25.9441452,30.91981888,26.91009712,23.91436577,28.95010185,31.94694519,27.91640663,27.927845,31.93744087,29.92554092,26.89843178,25.97131729,26.94804764,24.87462616,21.92066765,23.92453957,25.9393692,23.93237495,22.91880417,23.94085884,25.93520927,26.89308739,23.91893578,23.93204689,25.95133972,24.9409256
239,12 h 10 min,27.95627403,25.92535591,25.90474129,26.94783211,24.89726257,28.93211555,23.92500114,26.93383598,30.92370415,27.91234589,24.9246769,29.9131031,30.92188644,28.92396736,29.92731094,32.93327713,30.91981316,27.89545822,26.94531822,28.96918869,25.91812706,22.91474915,25.94727135,27.94380569,24.94467735,24.94068336,24.94184875,26.92704773,27.93313408,24.93928528,24.94323158,26.9397068,25.92152405
240,12 h 20 min,27.94757271,26.93736649,26.92406845,27.93868637,26.91426277,27.92113113,23.93079948,27.9425087,30.91218185,27.92495918,24.91157532,30.94218826,30.90781403,27.91028976,28.89760971,31.90859413,29.91123581,26.89590073,25.93176079,29.96757317,24.88044167,22.88214493,24.91537857,26.90615082,23.91782761,23.89388847,23.9180584,25.92149162,26.86805153,23.9217453,24.9218502,25.90301132,24.91726494
241,12 h 30 min,25.92654991,25.92376328,25.91658401,25.91309357,25.89458656,28.91832352,23.94425201,26.93039513,30.91576385,26.90058327,24.93011665,28.92329025,30.91444588,27.9109993,27.91586685,31.90997887,30.85539246,27.91060829,27.94707108,30.96914482,26.91238403,23.92556,25.92996407,26.92984962,24.92881584,24.9211235,24.93545341,26.93665504,27.88982582,24.92995834,24.93363762,26.94182205,26.9569912
261,10 h 10 min,24.95508575,25.40232849,25.00539017,25.95183754,24.96522713,28.56379128,22.94953346,25.54968834,31.70538139,27.52448845,24.48588943,28.50696182,32.07083893,28.45733833,27.6051178,31.92110825,29.08786392,26.44969177,25.90947914,26.50156975,24.73396301,22.34557724,23.55029869,25.43543816,22.35988235,23.10600853,23.1681633,25.1458931,27.99967384,22.71665001,23.32632065,24.54475975,24.47715187
262,11 h 55 min,22.63036156,22.6809597,22.05956078,23.59036827,23.02022171,25.74456024,21.17486572,23.1176548,26.98021698,24.9519577,22.11157417,25.62266541,27.61151505,25.30727005,25.10086823,27.61754036,26.41951942,24.95463943,23.72183609,24.40246391,23.30148697,20.25421333,21.6833477,23.7235775,23.9425087,22.90577126,22.92482567,25.92765617,25.91288567,23.93725777,23.9413929,24.92589569,23.93504143
263,12 h 05 min,25.92893028,26.9573288,24.92152977,25.91174507,24.90835571,28.90965271,23.9429493,26.94793892,31.92402077,27.92614937,24.89900398,29.9346714,31.92497253,28.92955399,28.91597748,31.93166542,29.94075966,27.87991905,25.93090248,26.95569801,24.8776741,22.90048027,24.92733192,26.92551613,23.93738556,23.94979286,24.93593407,26.93730164,26.9090519,24.93781471,24.9353714,25.9288578,24.9203167
264,12 h 15 min,26.94652176,26.94415283,25.87963867,26.90363884,24.8848381,28.91110992,24.94241524,26.93636513,30.88834572,25.91661835,25.91608047,28.91326714,31.91385078,28.91814232,28.93088722,32.92647552,28.91111755,27.86898422,25.92012596,27.94426155,25.84723091,23.9363842,25.95042038,26.92026901,24.92593384,24.91268539,25.933218,27.93315506,27.89160538,24.92774391,25.94234085,26.93211746,25.92752457
265,12 h 25 min,25.04035378,25.2295208,24.45304108,25.60802078,23.79623413,27.91833687,22.71616745,25.11818504,29.73716164,26.40711975,23.90118408,27.46199799,30.32125473,27.87403488,27.13212967,30.03673553,29.8745079,26.66416931,25.96766663,27.2233963,24.9888649,22.64077759,23.39932632,25.98713684,23.18561935,23.71608162,23.67398453,25.6434021,28.39440155,24.05513,23.58502007,24.82803726,24.57854462
266,12 h 40 min,23.6771965,23.77458382,23.2542038,24.18826103,23.37900162,26.70272446,21.57758141,23.90613556,30.49881744,25.73893738,22.76416779,28.93331528,30.1085453,26.65719414,26.22750854,30.37335587,29.03303146,25.823452,24.96261406,26.07115364,23.69212341,21.20749474,22.73323441,24.76428795,22.22781563,22.27952003,21.73278236,24.34207535,26.81547737,22.15715408,21.98087883,23.51498222,23.48406601
267,12 h 45 min,25.9305687,25.94297981,24.90923691,26.92824936,24.90203857,28.91350365,23.93851471,25.93578339,31.92898369,26.91767311,23.90980911,28.91766167,31.92841721,28.94500923,27.93124008,31.93261909,30.92469406,26.89237022,24.90830421,27.97951317,24.85268974,21.90318871,23.93128204,26.93635941,23.93146324,23.92096901,23.92956924,26.94787788,26.91240692,24.93037987,23.93482399,25.92910385,25.94740677
268,12 h 50 min,25.93325043,25.94705963,24.92360497,25.92808151,24.90246582,28.92631912,22.92408371,25.93819237,29.91093445,26.92736053,24.9256649,28.92896271,31.92167091,27.90385818,27.92022133,32.93222809,29.92205811,25.87578392,24.93012047,27.95233917,24.85170364,21.90459824,23.93146133,25.91685295,23.92960739,23.9294281,23.93113899,25.93078232,26.88497925,24.94134331,23.93271828,24.9301033,24.92872238
269,13 h,25.93388557,25.94656372,24.91636658,26.94109917,24.9088192,28.93020439,23.9443531,25.93971252,31.91236305,26.92540359,24.91314316,29.94228935,32.93325806,28.92866135,28.93946266,32.93492508,28.92923164,26.88840103,25.94610596,27.96444893,24.84784698,22.91904068,24.94557571,25.91420746,23.9311142,23.92367172,23.92913246,26.9527092,26.88478088,24.94118118,23.92976952,25.92895508,24.92719078
270,13 h 05 min,25.93806076,24.93156433,24.90208626,26.92161942,24.90998459,28.94334221,22.93860245,25.94521713,30.91711044,26.93039703,23.91389465,27.92320824,29.88907433,27.9156971,27.92320251,31.9267807,28.927948,26.89391136,24.93341255,26.95884323,24.8660202,21.921381,23.93444061,25.92550468,23.92967033,22.92929649,23.93005562,26.93147469,26.90922356,25.95542908,23.93817139,25.94578934,24.9194088
271,13 h 15 min,25.94470978,25.95639229,24.91379356,26.91699982,24.8952179,28.92723656,22.94601822,25.94541359,31.92384529,26.90878868,23.8947258,29.93772125,31.91626549,27.9162426,27.93417931,32.92278671,30.94557762,27.88668633,25.96450806,27.97167397,24.9060173,21.91817093,23.92522621,25.93709946,23.9265995,23.91530037,23.92960167,26.9303093,27.90195656,24.93374252,23.93291855,25.9450798,24.92960548
272,13 h 25 min,25.93692207,25.94534111,24.91013336,26.92741394,24.8941288,28.92745209,23.92735672,26.94070816,30.90132713,27.95266151,24.93593979,28.92631721,32.94982529,28.94349098,27.93935394,31.92225838,29.91445351,26.90855598,24.90124321,27.96720314,24.90760422,22.92563248,24.94581413,26.93585014,23.93692207,23.92671394,24.94373512,26.931427,26.93331528,24.93972969,24.94655991,25.9369812,24.92552567
273,13 h 35 min,26.94175148,26.94292259,25.90646362,26.90321159,25.90835381,29.92539215,24.93372345,26.93492699,30.90792847,27.91481209,24.90696335,29.93066406,33.938797,28.93870735,28.9308548,32.93237686,30.91861153,27.88339424,25.91999435,28.97688866,25.9043293,23.94133568,25.94404984,26.91667938,24.92559242,24.91187668,25.94387817,26.91887093,27.91615868,25.94834709,24.92195892,26.93626404,25.93228722
274,13 h 45 min,25.93338203,25.93939972,25.92123222,26.9289341,25.90820313,28.932621,23.94286728,26.9417057,30.90666389,26.9239254,24.92065048,28.91689682,30.91316986,27.91098022,28.91569519,31.91552162,29.91356087,26.89331245,25.92997742,27.95952606,24.91956329,22.92204094,24.94088745,25.9056282,23.93896866,23.92036819,24.93739128,26.95637512,26.90164948,24.93750381,23.9365139,25.92699623,25.94195938
275,13 h 55 min,25.9298687,25.94649696,24.90275955,25.90099335,24.90067673,27.92106056,22.92313957,25.93603516,29.92343521,26.93078995,23.91979408,28.924963,30.93087006,27.91972923,27.93118095,29.92790031,29.93673134,26.89697075,24.92476273,27.96822166,24.9138279,22.91939735,24.95454597,25.91652679,23.93375397,23.92702484,23.93570518,26.95864868,27.91039848,25.95012283,23.93073082,25.93683434,24.91896248
295,10 h 05 min,26.9435482,23.95982552,25.94209099,24.93686295,24.91628838,27.94908905,21.91425514,28.9491539,29.92735291,25.93537903,22.94279861,28.93338203,31.93648338,27.94272804,26.93308067,30.94845009,30.94805145,25.91481781,23.94901848,28.98385048,24.8959465,21.95019341,24.94373703,24.91328812,21.94127464,22.91767693,21.94014168,28.96310997,26.94683838,24.91753578,22.92156029,25.96186638,23.96447182
296,10 h 15 min,27.94709015,24.93903732,25.936203,24.92572594,24.88365746,28.93460655,22.91302681,30.96555901,30.92755127,26.95623589,23.9360733,29.9295578,32.94889832,28.93918228,27.92717552,32.93724823,32.93857956,26.91479111,24.93453598,29.97115898,25.92167854,22.92957115,25.96775055,25.94604683,22.93058586,23.9079113,22.93300247,28.9529705,27.94738579,25.92296791,23.93280411,27.96582985,24.96793556
297,10 h 25 min,27.96468544,23.94343376,25.89725113,24.94403076,24.90485191,27.92257881,22.92938232,29.94631577,29.92125893,25.92082787,23.92450905,27.91353416,30.93531227,28.95296097,26.93123055,30.92639732,31.93333435,25.91395187,24.98931885,29.97569275,24.92730141,22.94122505,24.95615959,25.93460464,22.93607712,23.9240799,22.93543434,28.95225716,26.94544601,25.92471504,23.93155479,26.95660591,23.92817307
298,10 h 35 min,31.9487648,28.94092941,28.89951324,28.93795013,28.88786125,29.90836906,25.92745018,35.96892166,31.92137909,28.90972519,26.91714668,30.90662003,34.92860794,30.93468857,30.935112,32.93738937,29.90599442,28.8953228,27.95355225,33.95383835,29.87248993,26.92700386,28.95074654,27.94330406,25.93110275,27.93194962,25.94140434,31.94754219,32.95057297,28.92655563,26.92237473,33.94721222,27.95134544
299,10 h 45 min,29.97468758,26.94561577,27.93723679,26.93715286,26.91173363,30.93438721,24.93600273,31.92496872,31.90233421,28.92454529,25.92448616,30.9101944,34.95412827,30.94062042,29.95083618,33.94108963,33.92998505,28.8802433,26.94977379,31.95598793,26.94434166,24.93658447,27.96860695,26.92323112,24.92549706,26.9311409,24.93206215,30.95938301,29.93682098,26.92847443,25.94076729,29.97317505,26.94503975
300,10 h 55 min,30.97326279,26.95826149,26.94056702,26.9451046,25.92245102,25.93150902,24.93018723,32.95943832,26.93424988,26.93758392,25.93191338,26.93720818,28.93856049,27.95091438,27.92878914,27.95124245,29.97681046,25.90893936,25.94017982,31.97842407,25.90307808,24.9255619,26.95605087,25.92745399,24.93714714,25.921381,24.93697357,29.97091866,27.93827248,26.93551445,25.95041275,28.94331551,25.95004463
301,11 h 05 min,28.94264412,24.95266342,24.91019058,25.94165611,25.91259193,28.92469978,23.94517708,30.96266174,30.93412018,26.92011642,23.94152641,29.92390442,33.9562645,29.94151306,27.94387627,31.93878365,32.93779373,26.89302444,24.95000839,30.98718834,25.89673615,22.92400169,25.95850372,25.93366623,22.93129921,23.92559242,22.94000053,30.97988129,27.93654251,25.93496704,23.9389801,27.96094513,24.93238831
302,11 h 15 min,31.97691727,30.9527607,29.88913155,31.90688133,29.89359283,31.9323101,28.94018745,35.92639542,30.93998528,29.89894485,31.94902611,29.93257904,34.96251678,29.92515755,31.93895149,30.94627953,30.95305061,27.89584923,27.94670105,32.9768219,29.88293648,26.92790985,33.94769669,27.92501068,31.90391922,30.93729973,29.93732643,34.95849991,29.92344093,31.92014503,30.9335022,32.96170044,28.9360733
303,11 h 25 min,35.95740891,33.92466354,29.91298866,29.90522575,27.90254402,32.92179871,31.92515373,34.94288635,32.91550827,30.89449883,34.93725586,30.90900993,35.94031525,32.91909027,31.91329956,33.93386459,33.92963028,30.89672852,31.92912674,34.9294014,30.86655617,31.92599106,35.94379807,31.9025898,31.91649246,30.89333916,31.91841125,36.97172165,30.8650589,36.93084335,30.89816093,33.92398453,30.89450645
304,11 h 45 min,28.96947289,24.94791985,25.92679787,24.94187546,23.91316986,27.92670822,22.92937851,29.95999336,29.92508507,25.90579796,23.93572617,27.9256382,32.94749069,28.94414711,26.93510056,30.92585754,30.92190742,26.90867424,23.93894386,29.97201347,24.94389534,22.93369484,24.95989227,25.92630577,22.92259407,23.92798233,21.93501472,28.95450592,27.94692612,25.92661476,23.9522438,26.96467209,24.94503403
305,12 h,30.92835999,26.94545364,27.92762566,26.9356041,26.89528465,28.9426918,23.92791748,33.96594238,29.92648697,27.9173336,25.94947243,28.94697762,32.95057678,28.95585823,28.93844795,29.93982315,31.96362495,27.90898132,25.94076729,32.97270203,26.88231087,23.90165329,27.946661,26.9204483,24.93883896,25.93840218,24.94746017,27.9231472,29.94747543,26.92995262,25.95396042,29.96291924,26.94652557
306,12 h 10 min,31.9745903,26.94457626,27.92770767,25.92863083,26.89194679,29.92401695,23.94036102,33.96011353,31.92189217,28.95083046,25.92076492,29.92154694,33.94070816,29.92577934,28.93432617,33.94305801,32.93531036,28.89557648,25.97463036,32.97275162,26.86710358,24.90020752,26.95772362,26.95137787,24.94444084,25.91789627,23.94662094,27.93068504,29.92877388,26.92961884,24.93103218,31.96277618,25.92033386
307,12 h 20 min,28.95218277,24.93692207,25.92246819,25.9454174,24.89097977,27.90625381,22.9378376,30.95864868,30.93305016,26.93043709,24.94529533,28.90761948,33.95693207,28.93096161,27.9283905,31.93831825,31.93949127,26.92739868,24.94454575,30.97864532,24.86958122,22.90671158,26.96515465,25.92913628,22.93328285,23.92207146,22.9372406,26.94353294,27.93490028,25.92424774,24.95375443,27.94989967,24.92999649
308,12 h 25 min,30.96374512,25.93230247,23.98356056,26.94251442,25.89274406,28.92793465,23.92988586,31.96016884,29.89041901,27.93993759,25.93432808,27.92045975,31.94219971,29.93234825,27.94082069,30.94244957,30.95091438,27.89961624,24.95895195,30.97263527,25.86138153,22.9115181,27.96667862,26.93130302,24.94967079,25.937994,24.93752098,27.94479942,27.92542458,26.91355133,24.94286156,29.95164299,25.9415226
309,12 h 30 min,30.97011757,25.94989204,26.91168594,25.9366703,24.87881279,27.92202187,23.93733406,32.94334793,29.89956665,27.94680786,24.94679642,27.93377113,33.95267105,29.93163109,27.94340706,30.93828964,30.91498566,27.89655113,24.94571877,31.98510933,24.92809296,23.8999691,26.96713257,26.94791985,23.93048286,33.97145462,22.93128014,27.92913437,28.94705009,26.92975426,24.94900131,30.95691109,25.92118454
310,12 h 40 min,29.9581337,24.94861794,24.9411335,24.94763947,23.87277031,27.91286278,22.94686699,29.95456696,29.90594482,26.91748428,24.94582748,27.91589355,33.94079971,28.93414497,27.93799591,31.94648361,31.9612751,26.90467072,24.96213722,28.97015572,23.90699768,21.92307472,25.95529938,25.930233,22.93263245,33.93527603,22.935812,26.92557144,26.9374733,24.9226017,23.93519783,26.95467186,24.94340897
311,12 h 45 min,35.97767258,27.93869591,28.93433571,26.92893982,27.89568329,30.93180275,24.94428825,34.97086334,31.91484261,28.94128609,25.93073845,30.92707825,34.95928955,30.94538116,29.93382454,32.94280243,34.97795868,29.90336418,26.94557381,32.96647644,27.90983963,25.91747856,27.94440842,27.92774391,24.93058777,35.03687286,24.93981934,29.93343925,30.94129753,27.93169594,25.93309212,32.96110916,26.9241066
312,12 h 50 min,30.96102333,24.93916702,26.92751694,25.93174934,25.90029335,28.93311501,22.92260551,32.96887207,30.90296936,27.92877769,24.94322777,29.9313755,34.94870758,29.95786858,27.92630005,32.95572281,32.96285629,27.89473915,24.94045448,29.97802925,25.8736248,22.89822006,26.96152115,26.94192314,23.94099045,24.92865372,23.93877602,27.94460678,27.92325211,26.93572807,24.95639229,28.97543335,25.92946434
313,13 h,32.97285843,24.93427086,26.93566895,25.93072128,24.88736534,28.92131996,22.9297142,32.9581337,30.92171288,27.94639587,24.94405746,28.91449738,33.94512558,29.94345856,28.94903564,31.94183731,32.95754623,26.89669228,24.95142937,31.98349571,24.92420006,22.90533447,25.94095039,25.91718483,23.93435669,24.92143631,22.9365406,27.94394684,27.92729378,26.94427681,24.96109772,28.96216011,24.57985687
314,13 h 05 min,35.98009491,27.93056488,28.91895485,27.91481781,25.86352921,29.90767479,26.94124413,33.94892883,30.90641975,28.90905571,27.94000435,28.89929962,34.91947174,31.91370201,30.93278885,31.92464447,31.8902874,28.88583946,28.94875717,32.95339584,26.84321785,25.90175247,29.94421005,28.92379379,26.93454361,26.91805267,26.93907356,29.93298531,29.90975952,27.92789268,27.94310951,31.95354462,26.93384933
315,13 h 10 min,32.98846054,23.93730545,25.94289207,24.93519783,23.90724373,27.92985153,21.93212509,30.97958374,29.91529274,26.9469738,23.94749641,27.91996765,33.96077347,28.94254494,26.94307518,30.94493866,30.92526627,26.91843033,24.96121597,28.9676342,23.93303871,21.9032383,24.93983841,24.92586517,22.93828011,23.9265461,21.93414307,26.96086693,26.95363426,24.9246788,23.95619011,26.97083664,23.92740631
316,13 h 20 min,35.97552872,26.94052124,27.90433693,26.93543625,25.89037704,29.93427277,23.93191719,34.95313263,30.89064217,27.90703201,25.92415047,27.90017891,33.93943024,29.94353104,28.93234634,31.93916512,31.93016815,28.89235306,25.93377876,32.96788406,26.87652588,24.90320778,27.94804382,26.94112396,24.92782784,26.92036057,24.93595314,29.94054031,29.94007874,27.93400574,25.94506836,32.95617294,27.94988632
317,13 h 25 min,25.94677162,24.93372917,25.90042114,25.9328537,24.90570068,28.93382454,22.92023087,26.93188667,30.91076279,26.90624809,24.909729,29.91548157,30.90579033,28.94164467,27.92931938,29.91826248,28.93188667,26.8963089,24.93295479,25.9501133,24.90727234,22.90341377,23.9330616,25.92067909,23.94289017,23.92217445,30.91618729,26.92619705,26.93276978,24.9238472,23.93457794,25.93071365,24.92959404
318,16 h 55 min,35.97121048,25.93412781,26.93549919,26.91481018,24.8821907,27.89835358,23.95134735,32.95565796,29.89800644,27.91708565,25.93305206,26.90063858,33.93323135,30.93370628,29.92108154,31.92923927,30.92292976,27.88696098,26.94499969,29.96648979,24.91172028,23.91029739,26.95072556,27.9283886,24.93820953,24.93307495,24.93761253,28.93352318,28.93799591,25.93562889,24.94801521,28.96660995,25.92099571
319,17 h,27.94161797,26.92531967,26.90525055,27.9297123,26.89696121,30.92049408,23.93146515,27.93694687,32.89941025,28.91636467,25.90119743,30.93247223,34.92750931,29.90975761,30.93253136,33.9246254,27.88546562,28.90694427,26.92582512,26.93588257,25.90875244,23.91648865,25.92396736,28.91698456,24.93109322,24.92110062,25.93569374,27.92725945,28.93021584,23.93533325,25.93688393,26.9292717,26.92107773
320,17 h 10 min,25.92153549,25.9283371,25.91094017,26.93966866,25.89723015,29.92820358,23.93309975,26.93943405,31.90476608,27.90489388,24.91319847,29.92553139,32.92333221,28.91482353,28.92993927,32.9305687,29.92480659,27.35425949,25.92426109,25.93640709,24.90424919,22.91079521,24.93237877,26.92406845,23.92960167,23.90797615,24.94553757,26.93628311,27.9066925,24.93766022,24.94572449,25.92670822,25.92625618
321,17 h 15 min,27.92623329,26.93006516,27.89879799,28.94537735,26.88534164,30.90157318,24.93163109,26.92294121,30.90320587,28.90702248,26.89987183,30.91662025,31.89753151,29.90474892,30.93177795,32.92433167,30.90800285,28.90246582,27.95823097,27.94960976,25.90143585,24.91317749,26.93772888,28.91265297,25.93224525,25.91945267,25.89708138,29.92136383,28.90992165,27.93341827,25.93447113,27.93579865,27.93524933
322,17 h 25 min,26.91574669,26.93672943,26.90172577,26.92187309,25.8869133,28.90696716,23.91645813,27.94685555,31.89227295,28.93026161,25.91086006,29.90880013,31.90207672,29.91127968,29.91728783,31.88935661,30.92266655,27.89643478,26.92809677,26.93304062,25.88882065,23.90229034,25.93471909,27.92521858,24.9281044,24.91114235,24.93179131,27.93245125,28.89343262,24.92353058,25.93907166,26.92634773,26.92337799
323,17 h 30 min,26.92395401,26.92799187,25.89901352,26.91262436,24.87286758,27.90807152,23.92279625,27.94940567,30.90078735,27.9049511,25.92486572,28.91383362,30.8988018,28.90012169,29.92513466,31.91570282,28.89480782,27.90437889,26.94494629,26.93057823,25.91228867,24.91484642,25.93327713,27.92591858,24.93455124,24.91915512,25.93562698,27.92912483,27.91316223,24.93162346,25.94165993,26.93742371,25.92346764
324,17 h 40 min,25.93556786,24.93179131,24.91945457,26.93001747,24.90836906,28.91954422,22.91509438,25.93244934,31.9391346,26.91620636,23.91296387,29.93740463,31.92687607,28.9161396,28.93076897,31.9311924,29.93059349,27.894104,25.93706894,25.94897079,24.91865921,22.90926361,24.94804955,26.92537498,23.93350029,23.91742134,23.93298912,26.93502045,26.91616058,23.92456818,23.92809868,25.9383812,24.92050171
325,17 h 45 min,25.93460464,25.94996262,25.9292984,26.93609619,24.88602066,28.92572594,22.92141914,26.94351959,31.92505074,27.90851593,24.89333153,29.93375397,31.92376518,28.92080688,28.93640709,32.92656326,29.92578506,27.88809776,25.94382286,25.94994164,24.91672134,22.90038109,24.92690659,26.92708206,23.93167305,23.92707062,24.9331398,26.93074417,27.90228844,24.92352676,23.92966652,25.93512726,25.95154762
326,17 h 55 min,26.92629623,25.93210983,25.91529846,26.9325161,25.88468933,29.91470146,23.92126656,27.93871117,31.91267967,28.9240036,24.92352676,30.91315269,32.91985321,29.91317177,29.93716049,32.91625595,29.9067688,27.88512802,26.95861244,26.95515633,24.94145584,22.91366577,24.93600845,27.92979622,23.92709541,23.91456795,24.94548035,27.92216492,27.91850281,23.9225769,24.94137383,26.93330383,25.92130852
327,18 h 05 mn,26.92161179,26.92941093,25.90224075,26.90814781,24.89417076,28.91025543,24.93610191,27.93704987,30.88788986,27.89521027,24.91538048,29.90001297,31.90344238,29.90479088,29.92014313,31.89816666,29.88103104,27.87471771,26.88768196,26.93558884,25.86797142,23.90056038,25.93211746,27.91611099,24.93140411,24.92326927,25.93921089,27.92209244,27.90077782,23.93081093,24.92971802,26.92949486,26.92757607
328,18 h 15 min,26.9352932,25.93280983,25.90634918,26.91298294,24.88288116,28.91818047,23.92714691,27.93955421,29.88975334,27.90207863,24.90051651,29.90971184,30.90481186,28.91072655,24.93212891,30.89330101,28.90687561,27.88124466,26.93397522,26.94504738,24.92046356,22.9155159,24.91994476,27.92770767,23.92647171,23.90598679,24.93872833,26.91218948,27.8890419,23.92943001,24.92615318,25.93901062,25.92824554
329,21 h 50 min,26.91742134,25.94296265,25.9046669,26.90720749,24.87948036,27.88988495,23.92012787,28.94062614,30.88755989,26.89525986,25.92138863,29.91268539,31.91462517,29.90691376,29.92512321,31.90332413,28.89505196,27.87101364,27.94242477,26.93918037,25.90231133,23.89336777,24.93129158,27.90925789,24.93403816,24.92683983,24.93406677,28.92850304,27.88171005,24.93153572,24.93473053,26.92126083,26.91590309
330,22 h,25.93073463,24.93421555,24.90690422,25.93545341,24.89606857,27.89017105,23.92189598,26.93472481,29.9134388,26.90119934,24.91604042,28.90536499,29.91963577,28.91315651,28.92764854,30.89312744,28.89774132,27.8862133,25.93084526,25.94884491,24.92623329,22.91574669,24.9386158,26.9161396,23.93928528,23.92264175,23.94079208,27.93266106,27.90088654,25.92790222,23.94388199,25.9263916,25.92675018
